"cell_count","exp_day","chamber","test","rpm","chamberID"
26700,1,1,"A","2.5RPM","A.1"
48900,1,9,"A","2.5RPM","A.9"
54900,1,2,"A","2.5RPM","A.2"
22800,1,10,"A","2.5RPM","A.10"
61200,1,3,"A","2.5RPM","A.3"
29100,1,11,"A","2.5RPM","A.11"
48900,1,4,"A","2.5RPM","A.4"
120900,1,12,"A","2.5RPM","A.12"
87600,1,5,"A","2.5RPM","A.5"
44400,1,13,"A","2.5RPM","A.13"
90300,1,6,"A","2.5RPM","A.6"
105000,1,14,"A","2.5RPM","A.14"
69000,1,7,"A","2.5RPM","A.7"
47700,1,15,"A","2.5RPM","A.15"
51000,1,8,"A","2.5RPM","A.8"
112200,1,16,"A","2.5RPM","A.16"
164700,2,1,"A","2.5RPM","A.1"
507900,2,9,"A","2.5RPM","A.9"
493800,2,2,"A","2.5RPM","A.2"
556200,2,10,"A","2.5RPM","A.10"
493200,2,3,"A","2.5RPM","A.3"
177900,2,11,"A","2.5RPM","A.11"
336000,2,4,"A","2.5RPM","A.4"
780000,2,12,"A","2.5RPM","A.12"
336600,2,5,"A","2.5RPM","A.5"
221700,2,13,"A","2.5RPM","A.13"
381000,2,6,"A","2.5RPM","A.6"
486600,2,14,"A","2.5RPM","A.14"
377700,2,7,"A","2.5RPM","A.7"
295800,2,15,"A","2.5RPM","A.15"
454200,2,8,"A","2.5RPM","A.8"
675900,2,16,"A","2.5RPM","A.16"
1841400,4,1,"A","2.5RPM","A.1"
1315200,4,9,"A","2.5RPM","A.9"
2928900,4,2,"A","2.5RPM","A.2"
2841600,4,10,"A","2.5RPM","A.10"
4674300,4,3,"A","2.5RPM","A.3"
1257900,4,11,"A","2.5RPM","A.11"
1778700,4,4,"A","2.5RPM","A.4"
3787500,4,12,"A","2.5RPM","A.12"
2664300,4,5,"A","2.5RPM","A.5"
2185500,4,13,"A","2.5RPM","A.13"
2291700,4,6,"A","2.5RPM","A.6"
1407900,4,14,"A","2.5RPM","A.14"
858600,4,7,"A","2.5RPM","A.7"
994800,4,15,"A","2.5RPM","A.15"
1605600,4,8,"A","2.5RPM","A.8"
2067600,4,16,"A","2.5RPM","A.16"
2753700,5,1,"A","2.5RPM","A.1"
1976700,5,9,"A","2.5RPM","A.9"
3445200,5,2,"A","2.5RPM","A.2"
2834100,5,10,"A","2.5RPM","A.10"
2942100,5,3,"A","2.5RPM","A.3"
2908800,5,11,"A","2.5RPM","A.11"
2796900,5,4,"A","2.5RPM","A.4"
2094600,5,12,"A","2.5RPM","A.12"
2284200,5,5,"A","2.5RPM","A.5"
2441100,5,13,"A","2.5RPM","A.13"
2775300,5,6,"A","2.5RPM","A.6"
1270200,5,14,"A","2.5RPM","A.14"
1766700,5,7,"A","2.5RPM","A.7"
2030700,5,15,"A","2.5RPM","A.15"
1381800,5,8,"A","2.5RPM","A.8"
1520100,5,16,"A","2.5RPM","A.16"
3899100,6,1,"A","2.5RPM","A.1"
1467300,6,9,"A","2.5RPM","A.9"
2582400,6,2,"A","2.5RPM","A.2"
2163000,6,10,"A","2.5RPM","A.10"
2923200,6,3,"A","2.5RPM","A.3"
1931700,6,11,"A","2.5RPM","A.11"
1881600,6,4,"A","2.5RPM","A.4"
1681800,6,12,"A","2.5RPM","A.12"
2248200,6,5,"A","2.5RPM","A.5"
1758000,6,13,"A","2.5RPM","A.13"
1507500,6,6,"A","2.5RPM","A.6"
1582200,6,14,"A","2.5RPM","A.14"
2957100,6,7,"A","2.5RPM","A.7"
1935300,6,15,"A","2.5RPM","A.15"
1623600,6,8,"A","2.5RPM","A.8"
2259900,6,16,"A","2.5RPM","A.16"
3830100,7,1,"A","2.5RPM","A.1"
2199600,7,9,"A","2.5RPM","A.9"
2462400,7,2,"A","2.5RPM","A.2"
1881000,7,10,"A","2.5RPM","A.10"
2568600,7,3,"A","2.5RPM","A.3"
2331900,7,11,"A","2.5RPM","A.11"
1907100,7,4,"A","2.5RPM","A.4"
2380500,7,12,"A","2.5RPM","A.12"
2989200,7,5,"A","2.5RPM","A.5"
1496100,7,13,"A","2.5RPM","A.13"
2064000,7,6,"A","2.5RPM","A.6"
1788600,7,14,"A","2.5RPM","A.14"
3546000,7,7,"A","2.5RPM","A.7"
1816800,7,15,"A","2.5RPM","A.15"
1385700,7,8,"A","2.5RPM","A.8"
2396400,7,16,"A","2.5RPM","A.16"
3138000,8,1,"A","2.5RPM","A.1"
2352300,8,9,"A","2.5RPM","A.9"
2070300,8,2,"A","2.5RPM","A.2"
1705800,8,10,"A","2.5RPM","A.10"
2406000,8,3,"A","2.5RPM","A.3"
2707200,8,11,"A","2.5RPM","A.11"
1280400,8,4,"A","2.5RPM","A.4"
2722800,8,12,"A","2.5RPM","A.12"
2061000,8,5,"A","2.5RPM","A.5"
2002800,8,13,"A","2.5RPM","A.13"
873900,8,6,"A","2.5RPM","A.6"
1720500,8,14,"A","2.5RPM","A.14"
2756700,8,7,"A","2.5RPM","A.7"
2218500,8,15,"A","2.5RPM","A.15"
1590300,8,8,"A","2.5RPM","A.8"
2177700,8,16,"A","2.5RPM","A.16"
6675300,9,1,"A","2.5RPM","A.1"
1842300,9,9,"A","2.5RPM","A.9"
974400,9,2,"A","2.5RPM","A.2"
1389300,9,10,"A","2.5RPM","A.10"
2370600,9,3,"A","2.5RPM","A.3"
1966800,9,11,"A","2.5RPM","A.11"
1661100,9,4,"A","2.5RPM","A.4"
1711800,9,12,"A","2.5RPM","A.12"
2805600,9,5,"A","2.5RPM","A.5"
1743900,9,13,"A","2.5RPM","A.13"
930900,9,6,"A","2.5RPM","A.6"
2235300,9,14,"A","2.5RPM","A.14"
1166700,9,7,"A","2.5RPM","A.7"
2195400,9,15,"A","2.5RPM","A.15"
1364700,9,8,"A","2.5RPM","A.8"
1762800,9,16,"A","2.5RPM","A.16"
3945900,10,1,"A","2.5RPM","A.1"
1900800,10,9,"A","2.5RPM","A.9"
2048700,10,2,"A","2.5RPM","A.2"
1518600,10,10,"A","2.5RPM","A.10"
2085600,10,3,"A","2.5RPM","A.3"
2617800,10,11,"A","2.5RPM","A.11"
2002500,10,4,"A","2.5RPM","A.4"
1415100,10,12,"A","2.5RPM","A.12"
2416200,10,5,"A","2.5RPM","A.5"
2862000,10,13,"A","2.5RPM","A.13"
908700,10,6,"A","2.5RPM","A.6"
1689900,10,14,"A","2.5RPM","A.14"
1924200,10,7,"A","2.5RPM","A.7"
2939100,10,15,"A","2.5RPM","A.15"
1109100,10,8,"A","2.5RPM","A.8"
2132100,10,16,"A","2.5RPM","A.16"
1766700,11,9,"A","2.5RPM","A.9"
1818900,11,4,"A","2.5RPM","A.4"
2334300,11,13,"A","2.5RPM","A.13"
1223100,11,8,"A","2.5RPM","A.8"
1812600,12,9,"A","2.5RPM","A.9"
1686300,12,4,"A","2.5RPM","A.4"
1709100,12,13,"A","2.5RPM","A.13"
1345800,12,8,"A","2.5RPM","A.8"
1399800,13,9,"A","2.5RPM","A.9"
1762500,13,4,"A","2.5RPM","A.4"
1325100,13,13,"A","2.5RPM","A.13"
1020600,13,8,"A","2.5RPM","A.8"
1503600,14,9,"A","2.5RPM","A.9"
1333200,14,4,"A","2.5RPM","A.4"
1700100,14,13,"A","2.5RPM","A.13"
803400,14,8,"A","2.5RPM","A.8"
1356600,16,9,"A","2.5RPM","A.9"
1475700,16,4,"A","2.5RPM","A.4"
1537200,16,13,"A","2.5RPM","A.13"
1594800,16,8,"A","2.5RPM","A.8"
1664100,17,9,"A","2.5RPM","A.9"
2162100,17,4,"A","2.5RPM","A.4"
1575000,17,13,"A","2.5RPM","A.13"
1125000,17,8,"A","2.5RPM","A.8"
939900,18,9,"A","2.5RPM","A.9"
1546200,18,4,"A","2.5RPM","A.4"
1485900,18,13,"A","2.5RPM","A.13"
975300,18,8,"A","2.5RPM","A.8"
1689900,20,9,"A","2.5RPM","A.9"
2048100,20,4,"A","2.5RPM","A.4"
1682400,20,13,"A","2.5RPM","A.13"
1307700,20,8,"A","2.5RPM","A.8"
96600,1,1,"B","2.5RPM","B.1"
279900,1,9,"B","2.5RPM","B.9"
232500,1,2,"B","2.5RPM","B.2"
173100,1,10,"B","2.5RPM","B.10"
129300,1,3,"B","2.5RPM","B.3"
105300,1,11,"B","2.5RPM","B.11"
108900,1,4,"B","2.5RPM","B.4"
132600,1,12,"B","2.5RPM","B.12"
207300,1,5,"B","2.5RPM","B.5"
142800,1,13,"B","2.5RPM","B.13"
202800,1,6,"B","2.5RPM","B.6"
160200,1,14,"B","2.5RPM","B.14"
144900,1,7,"B","2.5RPM","B.7"
254700,1,15,"B","2.5RPM","B.15"
135000,1,8,"B","2.5RPM","B.8"
226500,1,16,"B","2.5RPM","B.16"
1070400,2,1,"B","2.5RPM","B.1"
2229300,2,9,"B","2.5RPM","B.9"
2064000,2,2,"B","2.5RPM","B.2"
1526400,2,10,"B","2.5RPM","B.10"
1603500,2,3,"B","2.5RPM","B.3"
2106600,2,11,"B","2.5RPM","B.11"
2248200,2,4,"B","2.5RPM","B.4"
1876800,2,12,"B","2.5RPM","B.12"
1823400,2,5,"B","2.5RPM","B.5"
2322000,2,13,"B","2.5RPM","B.13"
1821300,2,6,"B","2.5RPM","B.6"
2189100,2,14,"B","2.5RPM","B.14"
1838400,2,7,"B","2.5RPM","B.7"
2331900,2,15,"B","2.5RPM","B.15"
770400,2,8,"B","2.5RPM","B.8"
2395200,2,16,"B","2.5RPM","B.16"
3294000,3,1,"B","2.5RPM","B.1"
2607000,3,9,"B","2.5RPM","B.9"
2721900,3,2,"B","2.5RPM","B.2"
2253600,3,10,"B","2.5RPM","B.10"
2508300,3,3,"B","2.5RPM","B.3"
2329800,3,11,"B","2.5RPM","B.11"
2543400,3,4,"B","2.5RPM","B.4"
2667900,3,12,"B","2.5RPM","B.12"
2641800,3,5,"B","2.5RPM","B.5"
2474400,3,13,"B","2.5RPM","B.13"
2133000,3,6,"B","2.5RPM","B.6"
1778100,3,14,"B","2.5RPM","B.14"
3453900,3,7,"B","2.5RPM","B.7"
2533500,3,15,"B","2.5RPM","B.15"
1811400,3,8,"B","2.5RPM","B.8"
2553900,3,16,"B","2.5RPM","B.16"
1872600,4,1,"B","2.5RPM","B.1"
3903000,4,9,"B","2.5RPM","B.9"
2710200,4,2,"B","2.5RPM","B.2"
1800600,4,10,"B","2.5RPM","B.10"
2702400,4,3,"B","2.5RPM","B.3"
2914500,4,11,"B","2.5RPM","B.11"
1889400,4,4,"B","2.5RPM","B.4"
3432300,4,12,"B","2.5RPM","B.12"
2728800,4,5,"B","2.5RPM","B.5"
3463500,4,13,"B","2.5RPM","B.13"
2626200,4,6,"B","2.5RPM","B.6"
2809800,4,14,"B","2.5RPM","B.14"
2800200,4,7,"B","2.5RPM","B.7"
1509600,4,15,"B","2.5RPM","B.15"
1434600,4,8,"B","2.5RPM","B.8"
3053700,4,16,"B","2.5RPM","B.16"
2290500,5,1,"B","2.5RPM","B.1"
3166800,5,9,"B","2.5RPM","B.9"
1380600,5,2,"B","2.5RPM","B.2"
1746600,5,10,"B","2.5RPM","B.10"
2244600,5,3,"B","2.5RPM","B.3"
3362400,5,11,"B","2.5RPM","B.11"
2096700,5,4,"B","2.5RPM","B.4"
2775900,5,12,"B","2.5RPM","B.12"
3030300,5,5,"B","2.5RPM","B.5"
3305700,5,13,"B","2.5RPM","B.13"
2510700,5,6,"B","2.5RPM","B.6"
2401200,5,14,"B","2.5RPM","B.14"
2894100,5,7,"B","2.5RPM","B.7"
1294800,5,15,"B","2.5RPM","B.15"
1830300,5,8,"B","2.5RPM","B.8"
1289100,5,16,"B","2.5RPM","B.16"
1772100,7,9,"B","2.5RPM","B.9"
1392300,7,4,"B","2.5RPM","B.4"
2028600,7,13,"B","2.5RPM","B.13"
1502400,7,8,"B","2.5RPM","B.8"
1645200,8,9,"B","2.5RPM","B.9"
1615800,8,4,"B","2.5RPM","B.4"
1639500,8,13,"B","2.5RPM","B.13"
1668900,8,8,"B","2.5RPM","B.8"
1472700,9,9,"B","2.5RPM","B.9"
2261700,9,4,"B","2.5RPM","B.4"
1963800,9,13,"B","2.5RPM","B.13"
1673700,9,8,"B","2.5RPM","B.8"
1989000,10,9,"B","2.5RPM","B.9"
2035200,10,4,"B","2.5RPM","B.4"
1867200,10,13,"B","2.5RPM","B.13"
1631700,10,8,"B","2.5RPM","B.8"
2107500,12,9,"B","2.5RPM","B.9"
2041500,12,4,"B","2.5RPM","B.4"
2300700,12,13,"B","2.5RPM","B.13"
1855500,12,8,"B","2.5RPM","B.8"
2802900,13,9,"B","2.5RPM","B.9"
2425800,13,4,"B","2.5RPM","B.4"
3489300,13,13,"B","2.5RPM","B.13"
2272800,13,8,"B","2.5RPM","B.8"
2643000,14,9,"B","2.5RPM","B.9"
1649700,14,4,"B","2.5RPM","B.4"
2536800,14,13,"B","2.5RPM","B.13"
1382700,14,8,"B","2.5RPM","B.8"
2386200,15,9,"B","2.5RPM","B.9"
2059200,15,4,"B","2.5RPM","B.4"
1119300,15,13,"B","2.5RPM","B.13"
1377600,15,8,"B","2.5RPM","B.8"
1707300,16,9,"B","2.5RPM","B.9"
2177400,16,4,"B","2.5RPM","B.4"
2025000,16,13,"B","2.5RPM","B.13"
1386000,16,8,"B","2.5RPM","B.8"
2281500,17,9,"B","2.5RPM","B.9"
2393700,17,4,"B","2.5RPM","B.4"
1760100,17,13,"B","2.5RPM","B.13"
1709700,17,8,"B","2.5RPM","B.8"
1516500,18,9,"B","2.5RPM","B.9"
2125500,18,4,"B","2.5RPM","B.4"
1106700,18,13,"B","2.5RPM","B.13"
1324200,18,8,"B","2.5RPM","B.8"
1610700,19,9,"B","2.5RPM","B.9"
1915200,19,4,"B","2.5RPM","B.4"
1083000,19,13,"B","2.5RPM","B.13"
1718100,19,8,"B","2.5RPM","B.8"
2226600,20,9,"B","2.5RPM","B.9"
1768800,20,4,"B","2.5RPM","B.4"
1884900,20,13,"B","2.5RPM","B.13"
2156100,20,8,"B","2.5RPM","B.8"
1680300,21,9,"B","2.5RPM","B.9"
1059000,21,4,"B","2.5RPM","B.4"
2418900,21,13,"B","2.5RPM","B.13"
1751400,21,8,"B","2.5RPM","B.8"
2221200,22,9,"B","2.5RPM","B.9"
2289000,22,4,"B","2.5RPM","B.4"
3520200,22,13,"B","2.5RPM","B.13"
1959600,22,8,"B","2.5RPM","B.8"
2423700,23,9,"B","2.5RPM","B.9"
2583300,23,4,"B","2.5RPM","B.4"
3221700,23,13,"B","2.5RPM","B.13"
1130700,23,8,"B","2.5RPM","B.8"
1134000,25,9,"B","2.5RPM","B.9"
2366700,25,4,"B","2.5RPM","B.4"
2940900,25,13,"B","2.5RPM","B.13"
1464000,25,8,"B","2.5RPM","B.8"
2610300,26,9,"B","2.5RPM","B.9"
2401200,26,4,"B","2.5RPM","B.4"
3513900,26,13,"B","2.5RPM","B.13"
999000,26,8,"B","2.5RPM","B.8"
2371800,27,9,"B","2.5RPM","B.9"
2770800,27,4,"B","2.5RPM","B.4"
3398400,27,13,"B","2.5RPM","B.13"
1681500,27,8,"B","2.5RPM","B.8"
2228100,28,9,"B","2.5RPM","B.9"
1596300,28,4,"B","2.5RPM","B.4"
3333300,28,13,"B","2.5RPM","B.13"
1181100,28,8,"B","2.5RPM","B.8"
1711500,3,2,"C","1.25RPM","C.2"
2990100,3,3,"C","1.25RPM","C.3"
2511300,3,14,"C","1.25RPM","C.14"
2491200,3,3,"C","1.25RPM","C.3"
2279100,3,11,"C","1.25RPM","C.11"
2076600,3,12,"C","1.25RPM","C.12"
1944000,3,1,"C","1.25RPM","C.1"
927300,3,2,"C","1.25RPM","C.2"
2948100,3,3,"C","1.25RPM","C.3"
2156400,3,11,"C","1.25RPM","C.11"
2461800,3,14,"C","1.25RPM","C.14"
2882700,3,3,"C","1.25RPM","C.3"
2142300,3,11,"C","1.25RPM","C.11"
1815300,3,12,"C","1.25RPM","C.12"
2218200,4,2,"C","1.25RPM","C.2"
1332300,4,14,"C","1.25RPM","C.14"
2127600,4,2,"C","1.25RPM","C.2"
2084700,4,3,"C","1.25RPM","C.3"
2817300,4,11,"C","1.25RPM","C.11"
1963500,4,12,"C","1.25RPM","C.12"
1953000,4,1,"C","1.25RPM","C.1"
2448000,4,11,"C","1.25RPM","C.11"
1100100,4,12,"C","1.25RPM","C.12"
2057100,4,2,"C","1.25RPM","C.2"
2026200,4,3,"C","1.25RPM","C.3"
2680800,4,11,"C","1.25RPM","C.11"
2099100,5,11,"C","1.25RPM","C.11"
1924800,5,12,"C","1.25RPM","C.12"
1145700,5,14,"C","1.25RPM","C.14"
1467900,5,3,"C","1.25RPM","C.3"
2181300,5,11,"C","1.25RPM","C.11"
1849800,5,12,"C","1.25RPM","C.12"
1763400,5,1,"C","1.25RPM","C.1"
1707600,5,2,"C","1.25RPM","C.2"
1910100,9,11,"C","1.25RPM","C.11"
2834400,9,12,"C","1.25RPM","C.12"
1499700,9,2,"C","1.25RPM","C.2"
2477100,9,14,"C","1.25RPM","C.14"
1548000,9,2,"C","1.25RPM","C.2"
2248500,9,3,"C","1.25RPM","C.3"
2665800,10,14,"C","1.25RPM","C.14"
2360400,10,11,"C","1.25RPM","C.11"
2790300,10,12,"C","1.25RPM","C.12"
2766000,10,12,"C","1.25RPM","C.12"
2699700,10,3,"C","1.25RPM","C.3"
2440800,10,11,"C","1.25RPM","C.11"
2455800,11,11,"C","1.25RPM","C.11"
2215200,11,11,"C","1.25RPM","C.11"
2711100,12,11,"C","1.25RPM","C.11"
2952000,12,11,"C","1.25RPM","C.11"
3382500,13,11,"C","1.25RPM","C.11"
3401650,13,11,"C","1.25RPM","C.11"
3332000,13,11,"C","1.25RPM","C.11"
3408400,13,11,"C","1.25RPM","C.11"
3235100,13,11,"C","1.25RPM","C.11"
3398000,13,11,"C","1.25RPM","C.11"
1803150,14,11,"C","1.25RPM","C.11"
1670700,14,11,"C","1.25RPM","C.11"
1637700,14,11,"C","1.25RPM","C.11"
1736250,14,11,"C","1.25RPM","C.11"
1724300,14,11,"C","1.25RPM","C.11"
1711000,14,11,"C","1.25RPM","C.11"
1719450,14,11,"C","1.25RPM","C.11"
1623100,14,11,"C","1.25RPM","C.11"
1967800,15,5,"C","1.25RPM","C.5"
2412800,15,11,"C","1.25RPM","C.11"
2003700,15,5,"C","1.25RPM","C.5"
2346850,15,11,"C","1.25RPM","C.11"
1940950,15,5,"C","1.25RPM","C.5"
2410500,15,11,"C","1.25RPM","C.11"
1853650,15,5,"C","1.25RPM","C.5"
2237250,15,11,"C","1.25RPM","C.11"
1944300,15,5,"C","1.25RPM","C.5"
2287600,15,11,"C","1.25RPM","C.11"
1852250,15,5,"C","1.25RPM","C.5"
2126450,15,11,"C","1.25RPM","C.11"
1846450,15,5,"C","1.25RPM","C.5"
2340700,15,11,"C","1.25RPM","C.11"
1690750,15,5,"C","1.25RPM","C.5"
2259650,15,11,"C","1.25RPM","C.11"
1454000,16,5,"C","1.25RPM","C.5"
1792350,16,11,"C","1.25RPM","C.11"
1468650,16,5,"C","1.25RPM","C.5"
1845500,16,11,"C","1.25RPM","C.11"
1459200,16,5,"C","1.25RPM","C.5"
1859950,16,11,"C","1.25RPM","C.11"
1437050,16,5,"C","1.25RPM","C.5"
1872300,16,11,"C","1.25RPM","C.11"
1392050,16,5,"C","1.25RPM","C.5"
1871200,16,11,"C","1.25RPM","C.11"
1407700,16,5,"C","1.25RPM","C.5"
1846550,16,11,"C","1.25RPM","C.11"
1337450,16,5,"C","1.25RPM","C.5"
1765600,16,11,"C","1.25RPM","C.11"
1369500,16,5,"C","1.25RPM","C.5"
1805150,16,11,"C","1.25RPM","C.11"
2152350,17,5,"C","1.25RPM","C.5"
1874350,17,11,"C","1.25RPM","C.11"
2122300,17,5,"C","1.25RPM","C.5"
1895650,17,11,"C","1.25RPM","C.11"
1983500,17,5,"C","1.25RPM","C.5"
1929500,17,11,"C","1.25RPM","C.11"
2021250,17,5,"C","1.25RPM","C.5"
1912650,17,11,"C","1.25RPM","C.11"
2023400,17,5,"C","1.25RPM","C.5"
1970300,17,11,"C","1.25RPM","C.11"
2058200,17,5,"C","1.25RPM","C.5"
1968850,17,11,"C","1.25RPM","C.11"
1912100,17,5,"C","1.25RPM","C.5"
1818800,17,11,"C","1.25RPM","C.11"
1863150,17,5,"C","1.25RPM","C.5"
1999900,17,11,"C","1.25RPM","C.11"
2317950,18,5,"C","1.25RPM","C.5"
1932950,18,11,"C","1.25RPM","C.11"
2277350,18,5,"C","1.25RPM","C.5"
2018500,18,11,"C","1.25RPM","C.11"
2269100,18,5,"C","1.25RPM","C.5"
1933750,18,11,"C","1.25RPM","C.11"
2231350,18,5,"C","1.25RPM","C.5"
1890750,18,11,"C","1.25RPM","C.11"
2180700,18,5,"C","1.25RPM","C.5"
1914000,18,11,"C","1.25RPM","C.11"
2194150,18,5,"C","1.25RPM","C.5"
2032300,18,11,"C","1.25RPM","C.11"
2142500,18,5,"C","1.25RPM","C.5"
1966050,18,11,"C","1.25RPM","C.11"
2143000,18,5,"C","1.25RPM","C.5"
2043350,18,11,"C","1.25RPM","C.11"
1983900,19,5,"C","1.25RPM","C.5"
1913600,19,11,"C","1.25RPM","C.11"
1957700,19,5,"C","1.25RPM","C.5"
1995600,19,11,"C","1.25RPM","C.11"
1893300,19,5,"C","1.25RPM","C.5"
1959300,19,11,"C","1.25RPM","C.11"
2012950,19,5,"C","1.25RPM","C.5"
2030000,19,11,"C","1.25RPM","C.11"
1940450,19,5,"C","1.25RPM","C.5"
2042050,19,11,"C","1.25RPM","C.11"
1862000,19,5,"C","1.25RPM","C.5"
1925250,19,11,"C","1.25RPM","C.11"
1911400,19,5,"C","1.25RPM","C.5"
2039950,19,11,"C","1.25RPM","C.11"
1816050,19,5,"C","1.25RPM","C.5"
1911350,19,11,"C","1.25RPM","C.11"
1908900,20,5,"C","1.25RPM","C.5"
1741850,20,11,"C","1.25RPM","C.11"
1924300,20,5,"C","1.25RPM","C.5"
1864850,20,11,"C","1.25RPM","C.11"
1927050,20,5,"C","1.25RPM","C.5"
1838750,20,11,"C","1.25RPM","C.11"
1979050,20,5,"C","1.25RPM","C.5"
1677000,20,11,"C","1.25RPM","C.11"
1825650,20,5,"C","1.25RPM","C.5"
1797500,20,11,"C","1.25RPM","C.11"
1841900,20,5,"C","1.25RPM","C.5"
1789900,20,11,"C","1.25RPM","C.11"
1901900,20,5,"C","1.25RPM","C.5"
1760200,20,11,"C","1.25RPM","C.11"
1877200,20,5,"C","1.25RPM","C.5"
1687550,20,11,"C","1.25RPM","C.11"
2079250,21,5,"C","1.25RPM","C.5"
1992400,21,11,"C","1.25RPM","C.11"
2270300,21,5,"C","1.25RPM","C.5"
2019350,21,11,"C","1.25RPM","C.11"
2047250,21,5,"C","1.25RPM","C.5"
1991100,21,11,"C","1.25RPM","C.11"
2034100,21,5,"C","1.25RPM","C.5"
1902600,21,11,"C","1.25RPM","C.11"
2067250,21,5,"C","1.25RPM","C.5"
1997500,21,11,"C","1.25RPM","C.11"
2145400,21,5,"C","1.25RPM","C.5"
1970950,21,11,"C","1.25RPM","C.11"
1999000,21,5,"C","1.25RPM","C.5"
1896650,21,11,"C","1.25RPM","C.11"
1859050,21,5,"C","1.25RPM","C.5"
1935350,21,11,"C","1.25RPM","C.11"
2502450,22,5,"C","1.25RPM","C.5"
1798350,22,11,"C","1.25RPM","C.11"
2233800,22,5,"C","1.25RPM","C.5"
1732000,22,11,"C","1.25RPM","C.11"
2490000,22,5,"C","1.25RPM","C.5"
1769650,22,11,"C","1.25RPM","C.11"
2214800,22,5,"C","1.25RPM","C.5"
1434550,22,11,"C","1.25RPM","C.11"
2345600,22,5,"C","1.25RPM","C.5"
1671850,22,11,"C","1.25RPM","C.11"
2351550,22,5,"C","1.25RPM","C.5"
1554850,22,11,"C","1.25RPM","C.11"
2344950,22,5,"C","1.25RPM","C.5"
1536000,22,11,"C","1.25RPM","C.11"
2319600,22,5,"C","1.25RPM","C.5"
1501800,22,11,"C","1.25RPM","C.11"
3030650,23,5,"C","1.25RPM","C.5"
2327600,23,11,"C","1.25RPM","C.11"
3136650,23,5,"C","1.25RPM","C.5"
2426400,23,11,"C","1.25RPM","C.11"
2992150,23,5,"C","1.25RPM","C.5"
2027400,23,11,"C","1.25RPM","C.11"
3246550,23,5,"C","1.25RPM","C.5"
2340400,23,11,"C","1.25RPM","C.11"
3096300,23,5,"C","1.25RPM","C.5"
2324050,23,11,"C","1.25RPM","C.11"
2991450,23,5,"C","1.25RPM","C.5"
2384900,23,11,"C","1.25RPM","C.11"
3064550,23,5,"C","1.25RPM","C.5"
2266850,23,11,"C","1.25RPM","C.11"
2934050,23,5,"C","1.25RPM","C.5"
2156900,23,11,"C","1.25RPM","C.11"
2244450,24,5,"C","1.25RPM","C.5"
1575850,24,11,"C","1.25RPM","C.11"
2321350,24,5,"C","1.25RPM","C.5"
1728200,24,11,"C","1.25RPM","C.11"
2182500,24,5,"C","1.25RPM","C.5"
1569100,24,11,"C","1.25RPM","C.11"
2309350,24,5,"C","1.25RPM","C.5"
1604500,24,11,"C","1.25RPM","C.11"
2337300,24,5,"C","1.25RPM","C.5"
1691400,24,11,"C","1.25RPM","C.11"
2183150,24,5,"C","1.25RPM","C.5"
1564850,24,11,"C","1.25RPM","C.11"
2256850,24,5,"C","1.25RPM","C.5"
1683850,24,11,"C","1.25RPM","C.11"
2057350,24,5,"C","1.25RPM","C.5"
1441400,24,11,"C","1.25RPM","C.11"
2049750,25,5,"C","1.25RPM","C.5"
1883100,25,11,"C","1.25RPM","C.11"
2146550,25,5,"C","1.25RPM","C.5"
2772600,25,11,"C","1.25RPM","C.11"
2447900,25,5,"C","1.25RPM","C.5"
1890700,25,11,"C","1.25RPM","C.11"
2308200,25,5,"C","1.25RPM","C.5"
1856900,25,11,"C","1.25RPM","C.11"
2200600,25,5,"C","1.25RPM","C.5"
1830800,25,11,"C","1.25RPM","C.11"
2120350,25,5,"C","1.25RPM","C.5"
1861450,25,11,"C","1.25RPM","C.11"
2267500,25,5,"C","1.25RPM","C.5"
1903350,25,11,"C","1.25RPM","C.11"
2157200,25,5,"C","1.25RPM","C.5"
1840300,25,11,"C","1.25RPM","C.11"
2738150,26,5,"C","1.25RPM","C.5"
3057750,26,11,"C","1.25RPM","C.11"
2753000,26,5,"C","1.25RPM","C.5"
3311350,26,11,"C","1.25RPM","C.11"
2551150,26,5,"C","1.25RPM","C.5"
3073350,26,11,"C","1.25RPM","C.11"
2623550,26,5,"C","1.25RPM","C.5"
3129500,26,11,"C","1.25RPM","C.11"
2520000,26,5,"C","1.25RPM","C.5"
2885950,26,11,"C","1.25RPM","C.11"
2537950,26,5,"C","1.25RPM","C.5"
3200250,26,11,"C","1.25RPM","C.11"
2661050,26,5,"C","1.25RPM","C.5"
3028000,26,11,"C","1.25RPM","C.11"
2364450,26,5,"C","1.25RPM","C.5"
2956650,26,11,"C","1.25RPM","C.11"
2304950,27,5,"C","1.25RPM","C.5"
2317700,27,11,"C","1.25RPM","C.11"
2332550,27,5,"C","1.25RPM","C.5"
2403350,27,11,"C","1.25RPM","C.11"
2315100,27,5,"C","1.25RPM","C.5"
2259400,27,11,"C","1.25RPM","C.11"
2193000,27,5,"C","1.25RPM","C.5"
2301350,27,11,"C","1.25RPM","C.11"
2199900,27,5,"C","1.25RPM","C.5"
2145600,27,11,"C","1.25RPM","C.11"
2251600,27,5,"C","1.25RPM","C.5"
2122200,27,11,"C","1.25RPM","C.11"
2209700,27,5,"C","1.25RPM","C.5"
2333200,27,11,"C","1.25RPM","C.11"
2023900,27,5,"C","1.25RPM","C.5"
2230950,27,11,"C","1.25RPM","C.11"
2559450,28,5,"C","1.25RPM","C.5"
2774550,28,11,"C","1.25RPM","C.11"
2782400,28,5,"C","1.25RPM","C.5"
2868700,28,11,"C","1.25RPM","C.11"
2599800,28,5,"C","1.25RPM","C.5"
2866150,28,11,"C","1.25RPM","C.11"
2682400,28,5,"C","1.25RPM","C.5"
2834950,28,11,"C","1.25RPM","C.11"
2464250,28,5,"C","1.25RPM","C.5"
2919900,28,11,"C","1.25RPM","C.11"
2600550,28,5,"C","1.25RPM","C.5"
2740100,28,11,"C","1.25RPM","C.11"
2564450,28,5,"C","1.25RPM","C.5"
2785350,28,11,"C","1.25RPM","C.11"
2486500,28,5,"C","1.25RPM","C.5"
2620600,28,11,"C","1.25RPM","C.11"
2762200,29,5,"C","1.25RPM","C.5"
2545300,29,11,"C","1.25RPM","C.11"
2983850,29,5,"C","1.25RPM","C.5"
2697000,29,11,"C","1.25RPM","C.11"
2785600,29,5,"C","1.25RPM","C.5"
2644800,29,11,"C","1.25RPM","C.11"
2862950,29,5,"C","1.25RPM","C.5"
2621500,29,11,"C","1.25RPM","C.11"
2935400,29,5,"C","1.25RPM","C.5"
2625350,29,11,"C","1.25RPM","C.11"
2861800,29,5,"C","1.25RPM","C.5"
2844800,29,11,"C","1.25RPM","C.11"
2850500,29,5,"C","1.25RPM","C.5"
2715200,29,11,"C","1.25RPM","C.11"
2653650,29,5,"C","1.25RPM","C.5"
2770700,29,11,"C","1.25RPM","C.11"
3310900,30,5,"C","1.25RPM","C.5"
2600900,30,11,"C","1.25RPM","C.11"
3377500,30,5,"C","1.25RPM","C.5"
2642900,30,11,"C","1.25RPM","C.11"
3206900,30,5,"C","1.25RPM","C.5"
2524450,30,11,"C","1.25RPM","C.11"
3124900,30,5,"C","1.25RPM","C.5"
2605800,30,11,"C","1.25RPM","C.11"
3203950,30,5,"C","1.25RPM","C.5"
2444150,30,11,"C","1.25RPM","C.11"
3151950,30,5,"C","1.25RPM","C.5"
2427500,30,11,"C","1.25RPM","C.11"
3096200,30,5,"C","1.25RPM","C.5"
2515050,30,11,"C","1.25RPM","C.11"
2976750,30,5,"C","1.25RPM","C.5"
2356300,30,11,"C","1.25RPM","C.11"
2585700,31,5,"C","1.25RPM","C.5"
2117800,31,11,"C","1.25RPM","C.11"
2855100,31,5,"C","1.25RPM","C.5"
2304500,31,11,"C","1.25RPM","C.11"
2596200,31,5,"C","1.25RPM","C.5"
2311600,31,11,"C","1.25RPM","C.11"
2611800,31,5,"C","1.25RPM","C.5"
2405700,31,11,"C","1.25RPM","C.11"
2581800,31,5,"C","1.25RPM","C.5"
2193900,31,11,"C","1.25RPM","C.11"
2532100,31,5,"C","1.25RPM","C.5"
2275900,31,11,"C","1.25RPM","C.11"
2649500,31,5,"C","1.25RPM","C.5"
2115700,31,11,"C","1.25RPM","C.11"
2534700,31,5,"C","1.25RPM","C.5"
2345200,31,11,"C","1.25RPM","C.11"
2794200,32,5,"C","1.25RPM","C.5"
1851200,32,11,"C","1.25RPM","C.11"
2775800,32,5,"C","1.25RPM","C.5"
1971300,32,11,"C","1.25RPM","C.11"
2830900,32,5,"C","1.25RPM","C.5"
1887400,32,11,"C","1.25RPM","C.11"
2651500,32,5,"C","1.25RPM","C.5"
1821500,32,11,"C","1.25RPM","C.11"
2858500,32,5,"C","1.25RPM","C.5"
1926500,32,11,"C","1.25RPM","C.11"
2675100,32,5,"C","1.25RPM","C.5"
1803400,32,11,"C","1.25RPM","C.11"
2737500,32,5,"C","1.25RPM","C.5"
1889800,32,11,"C","1.25RPM","C.11"
2555200,32,5,"C","1.25RPM","C.5"
1983300,32,11,"C","1.25RPM","C.11"
3464800,33,5,"C","1.25RPM","C.5"
3080300,33,11,"C","1.25RPM","C.11"
3804600,33,5,"C","1.25RPM","C.5"
3250900,33,11,"C","1.25RPM","C.11"
3516900,33,5,"C","1.25RPM","C.5"
3153600,33,11,"C","1.25RPM","C.11"
3777400,33,5,"C","1.25RPM","C.5"
2892300,33,11,"C","1.25RPM","C.11"
3714900,33,5,"C","1.25RPM","C.5"
3253000,33,11,"C","1.25RPM","C.11"
3602500,33,5,"C","1.25RPM","C.5"
3008900,33,11,"C","1.25RPM","C.11"
3470000,33,5,"C","1.25RPM","C.5"
3159700,33,11,"C","1.25RPM","C.11"
3448200,33,5,"C","1.25RPM","C.5"
3102000,33,11,"C","1.25RPM","C.11"
2987700,34,5,"C","1.25RPM","C.5"
2002300,34,11,"C","1.25RPM","C.11"
2881900,34,5,"C","1.25RPM","C.5"
1976300,34,11,"C","1.25RPM","C.11"
2881100,34,5,"C","1.25RPM","C.5"
2009100,34,11,"C","1.25RPM","C.11"
2879900,34,5,"C","1.25RPM","C.5"
2086500,34,11,"C","1.25RPM","C.11"
2831800,34,5,"C","1.25RPM","C.5"
2112300,34,11,"C","1.25RPM","C.11"
2719100,34,5,"C","1.25RPM","C.5"
2152800,34,11,"C","1.25RPM","C.11"
2754200,34,5,"C","1.25RPM","C.5"
2023000,34,11,"C","1.25RPM","C.11"
2367800,34,5,"C","1.25RPM","C.5"
1952100,34,11,"C","1.25RPM","C.11"
2581100,35,5,"C","1.25RPM","C.5"
1802300,35,11,"C","1.25RPM","C.11"
2486100,35,5,"C","1.25RPM","C.5"
1627800,35,11,"C","1.25RPM","C.11"
2410900,35,5,"C","1.25RPM","C.5"
1728200,35,11,"C","1.25RPM","C.11"
2469500,35,5,"C","1.25RPM","C.5"
1724900,35,11,"C","1.25RPM","C.11"
2505100,35,5,"C","1.25RPM","C.5"
1877600,35,11,"C","1.25RPM","C.11"
2672700,35,5,"C","1.25RPM","C.5"
1815200,35,11,"C","1.25RPM","C.11"
2484800,35,5,"C","1.25RPM","C.5"
1976000,35,11,"C","1.25RPM","C.11"
2385700,35,5,"C","1.25RPM","C.5"
2200500,35,11,"C","1.25RPM","C.11"
2163050,5,1,"D","1.25RPM","D.1"
2165750,5,1,"D","1.25RPM","D.1"
2132150,5,1,"D","1.25RPM","D.1"
615850,5,2,"D","1.25RPM","D.2"
636700,5,2,"D","1.25RPM","D.2"
615700,5,2,"D","1.25RPM","D.2"
1863250,5,3,"D","1.25RPM","D.3"
1978200,5,3,"D","1.25RPM","D.3"
2036600,5,3,"D","1.25RPM","D.3"
2317000,5,4,"D","1.25RPM","D.4"
2361250,5,4,"D","1.25RPM","D.4"
2541400,5,4,"D","1.25RPM","D.4"
2654700,5,5,"D","1.25RPM","D.5"
2767450,5,5,"D","1.25RPM","D.5"
2571900,5,5,"D","1.25RPM","D.5"
1437400,5,6,"D","1.25RPM","D.6"
1467450,5,6,"D","1.25RPM","D.6"
1500100,5,6,"D","1.25RPM","D.6"
2876050,5,7,"D","1.25RPM","D.7"
2864000,5,7,"D","1.25RPM","D.7"
2789350,5,7,"D","1.25RPM","D.7"
3339200,5,8,"D","1.25RPM","D.8"
3454700,5,8,"D","1.25RPM","D.8"
3471250,5,8,"D","1.25RPM","D.8"
760450,5,9,"D","1.25RPM","D.9"
800550,5,9,"D","1.25RPM","D.9"
783400,5,9,"D","1.25RPM","D.9"
1377500,5,10,"D","1.25RPM","D.10"
1412950,5,10,"D","1.25RPM","D.10"
1449700,5,10,"D","1.25RPM","D.10"
3243600,5,11,"D","1.25RPM","D.11"
3333650,5,11,"D","1.25RPM","D.11"
3176200,5,11,"D","1.25RPM","D.11"
3386950,5,12,"D","1.25RPM","D.12"
3369950,5,12,"D","1.25RPM","D.12"
3413400,5,12,"D","1.25RPM","D.12"
3042350,5,13,"D","1.25RPM","D.13"
2963500,5,13,"D","1.25RPM","D.13"
2892750,5,13,"D","1.25RPM","D.13"
3003050,5,14,"D","1.25RPM","D.14"
3099750,5,14,"D","1.25RPM","D.14"
3046700,5,14,"D","1.25RPM","D.14"
742800,5,15,"D","1.25RPM","D.15"
733100,5,15,"D","1.25RPM","D.15"
700100,5,15,"D","1.25RPM","D.15"
904750,5,16,"D","1.25RPM","D.16"
915350,5,16,"D","1.25RPM","D.16"
903300,5,16,"D","1.25RPM","D.16"
2168000,6,1,"D","1.25RPM","D.1"
2202650,6,1,"D","1.25RPM","D.1"
2130750,6,1,"D","1.25RPM","D.1"
917550,6,2,"D","1.25RPM","D.2"
897750,6,2,"D","1.25RPM","D.2"
911400,6,2,"D","1.25RPM","D.2"
1640700,6,3,"D","1.25RPM","D.3"
1674000,6,3,"D","1.25RPM","D.3"
1707750,6,3,"D","1.25RPM","D.3"
2391550,6,4,"D","1.25RPM","D.4"
2409000,6,4,"D","1.25RPM","D.4"
2487000,6,4,"D","1.25RPM","D.4"
2712500,6,5,"D","1.25RPM","D.5"
2776900,6,5,"D","1.25RPM","D.5"
2562200,6,5,"D","1.25RPM","D.5"
2192900,6,6,"D","1.25RPM","D.6"
2178500,6,6,"D","1.25RPM","D.6"
2277300,6,6,"D","1.25RPM","D.6"
1881300,6,7,"D","1.25RPM","D.7"
1910750,6,7,"D","1.25RPM","D.7"
1928900,6,7,"D","1.25RPM","D.7"
3118100,6,8,"D","1.25RPM","D.8"
3034200,6,8,"D","1.25RPM","D.8"
2965650,6,8,"D","1.25RPM","D.8"
1597750,6,9,"D","1.25RPM","D.9"
1532000,6,9,"D","1.25RPM","D.9"
1506450,6,9,"D","1.25RPM","D.9"
2427800,6,10,"D","1.25RPM","D.10"
2512300,6,10,"D","1.25RPM","D.10"
2405250,6,10,"D","1.25RPM","D.10"
3611400,6,11,"D","1.25RPM","D.11"
3462800,6,11,"D","1.25RPM","D.11"
3607000,6,11,"D","1.25RPM","D.11"
2522650,6,12,"D","1.25RPM","D.12"
2413000,6,12,"D","1.25RPM","D.12"
2448700,6,12,"D","1.25RPM","D.12"
2437850,6,13,"D","1.25RPM","D.13"
2348650,6,13,"D","1.25RPM","D.13"
2365600,6,13,"D","1.25RPM","D.13"
2942150,6,14,"D","1.25RPM","D.14"
3024200,6,14,"D","1.25RPM","D.14"
3006150,6,14,"D","1.25RPM","D.14"
1304650,6,15,"D","1.25RPM","D.15"
1334400,6,15,"D","1.25RPM","D.15"
1390100,6,15,"D","1.25RPM","D.15"
1962900,6,16,"D","1.25RPM","D.16"
2005100,6,16,"D","1.25RPM","D.16"
1868200,6,16,"D","1.25RPM","D.16"
2496650,7,1,"D","1.25RPM","D.1"
2517000,7,1,"D","1.25RPM","D.1"
2471700,7,1,"D","1.25RPM","D.1"
1120450,7,2,"D","1.25RPM","D.2"
1153050,7,2,"D","1.25RPM","D.2"
1158650,7,2,"D","1.25RPM","D.2"
1016800,7,3,"D","1.25RPM","D.3"
1013350,7,3,"D","1.25RPM","D.3"
963700,7,3,"D","1.25RPM","D.3"
2160250,7,4,"D","1.25RPM","D.4"
2091600,7,4,"D","1.25RPM","D.4"
2069300,7,4,"D","1.25RPM","D.4"
1300800,7,5,"D","1.25RPM","D.5"
1445900,7,5,"D","1.25RPM","D.5"
1453650,7,5,"D","1.25RPM","D.5"
1735850,7,6,"D","1.25RPM","D.6"
1905200,7,6,"D","1.25RPM","D.6"
1958600,7,6,"D","1.25RPM","D.6"
2033300,7,7,"D","1.25RPM","D.7"
2054650,7,7,"D","1.25RPM","D.7"
1960250,7,7,"D","1.25RPM","D.7"
2413450,7,8,"D","1.25RPM","D.8"
2363350,7,8,"D","1.25RPM","D.8"
2368450,7,8,"D","1.25RPM","D.8"
2164100,7,9,"D","1.25RPM","D.9"
2225050,7,9,"D","1.25RPM","D.9"
2099000,7,9,"D","1.25RPM","D.9"
2229350,7,10,"D","1.25RPM","D.10"
2213700,7,10,"D","1.25RPM","D.10"
2318200,7,10,"D","1.25RPM","D.10"
2077650,7,11,"D","1.25RPM","D.11"
2004100,7,11,"D","1.25RPM","D.11"
2077200,7,11,"D","1.25RPM","D.11"
2519800,7,12,"D","1.25RPM","D.12"
2510350,7,12,"D","1.25RPM","D.12"
2524200,7,12,"D","1.25RPM","D.12"
1705450,7,13,"D","1.25RPM","D.13"
1963900,7,13,"D","1.25RPM","D.13"
1714300,7,13,"D","1.25RPM","D.13"
2627950,7,14,"D","1.25RPM","D.14"
2605700,7,14,"D","1.25RPM","D.14"
2524250,7,14,"D","1.25RPM","D.14"
1491900,7,15,"D","1.25RPM","D.15"
1543400,7,15,"D","1.25RPM","D.15"
1479600,7,15,"D","1.25RPM","D.15"
2192400,7,16,"D","1.25RPM","D.16"
2139550,7,16,"D","1.25RPM","D.16"
1999750,7,16,"D","1.25RPM","D.16"
1426450,8,1,"D","1.25RPM","D.1"
1395800,8,1,"D","1.25RPM","D.1"
1381050,8,1,"D","1.25RPM","D.1"
1122700,8,2,"D","1.25RPM","D.2"
1132950,8,2,"D","1.25RPM","D.2"
1141200,8,2,"D","1.25RPM","D.2"
1524000,8,3,"D","1.25RPM","D.3"
1514650,8,3,"D","1.25RPM","D.3"
1555400,8,3,"D","1.25RPM","D.3"
1627400,8,4,"D","1.25RPM","D.4"
1711500,8,4,"D","1.25RPM","D.4"
1679950,8,4,"D","1.25RPM","D.4"
1777650,8,5,"D","1.25RPM","D.5"
1719300,8,5,"D","1.25RPM","D.5"
1808750,8,5,"D","1.25RPM","D.5"
1424900,8,6,"D","1.25RPM","D.6"
1459000,8,6,"D","1.25RPM","D.6"
1481600,8,6,"D","1.25RPM","D.6"
1516600,8,7,"D","1.25RPM","D.7"
1398950,8,7,"D","1.25RPM","D.7"
1448000,8,7,"D","1.25RPM","D.7"
2219750,8,8,"D","1.25RPM","D.8"
2310450,8,8,"D","1.25RPM","D.8"
2311600,8,8,"D","1.25RPM","D.8"
2021550,8,9,"D","1.25RPM","D.9"
2033000,8,9,"D","1.25RPM","D.9"
2015650,8,9,"D","1.25RPM","D.9"
2292500,8,10,"D","1.25RPM","D.10"
2416450,8,10,"D","1.25RPM","D.10"
2345950,8,10,"D","1.25RPM","D.10"
2138650,8,11,"D","1.25RPM","D.11"
1989300,8,11,"D","1.25RPM","D.11"
2092450,8,11,"D","1.25RPM","D.11"
2226300,8,12,"D","1.25RPM","D.12"
2215450,8,12,"D","1.25RPM","D.12"
2288000,8,12,"D","1.25RPM","D.12"
2088200,8,13,"D","1.25RPM","D.13"
2088050,8,13,"D","1.25RPM","D.13"
2045450,8,13,"D","1.25RPM","D.13"
1780150,8,14,"D","1.25RPM","D.14"
1939200,8,14,"D","1.25RPM","D.14"
1862250,8,14,"D","1.25RPM","D.14"
1545350,8,15,"D","1.25RPM","D.15"
1569950,8,15,"D","1.25RPM","D.15"
1450050,8,15,"D","1.25RPM","D.15"
2286750,8,16,"D","1.25RPM","D.16"
2097750,8,16,"D","1.25RPM","D.16"
2172150,8,16,"D","1.25RPM","D.16"
1868500,9,1,"D","1.25RPM","D.1"
1861250,9,1,"D","1.25RPM","D.1"
1853400,9,1,"D","1.25RPM","D.1"
915350,9,2,"D","1.25RPM","D.2"
954300,9,2,"D","1.25RPM","D.2"
966250,9,2,"D","1.25RPM","D.2"
1091200,9,3,"D","1.25RPM","D.3"
1060800,9,3,"D","1.25RPM","D.3"
1128050,9,3,"D","1.25RPM","D.3"
2355800,9,4,"D","1.25RPM","D.4"
2322400,9,4,"D","1.25RPM","D.4"
2397000,9,4,"D","1.25RPM","D.4"
1765750,9,5,"D","1.25RPM","D.5"
1758050,9,5,"D","1.25RPM","D.5"
1845200,9,5,"D","1.25RPM","D.5"
2260450,9,6,"D","1.25RPM","D.6"
2066450,9,6,"D","1.25RPM","D.6"
2153250,9,6,"D","1.25RPM","D.6"
1883450,9,7,"D","1.25RPM","D.7"
1570250,9,7,"D","1.25RPM","D.7"
1438200,9,7,"D","1.25RPM","D.7"
3558100,9,8,"D","1.25RPM","D.8"
3604400,9,8,"D","1.25RPM","D.8"
3494550,9,8,"D","1.25RPM","D.8"
1982400,9,9,"D","1.25RPM","D.9"
1998150,9,9,"D","1.25RPM","D.9"
2087600,9,9,"D","1.25RPM","D.9"
3137150,9,10,"D","1.25RPM","D.10"
3253500,9,10,"D","1.25RPM","D.10"
3214400,9,10,"D","1.25RPM","D.10"
2292850,9,11,"D","1.25RPM","D.11"
2197150,9,11,"D","1.25RPM","D.11"
2284500,9,11,"D","1.25RPM","D.11"
1996650,9,12,"D","1.25RPM","D.12"
1975900,9,12,"D","1.25RPM","D.12"
1989550,9,12,"D","1.25RPM","D.12"
2567450,9,13,"D","1.25RPM","D.13"
2687150,9,13,"D","1.25RPM","D.13"
2638000,9,13,"D","1.25RPM","D.13"
1601950,9,14,"D","1.25RPM","D.14"
1596250,9,14,"D","1.25RPM","D.14"
1599250,9,14,"D","1.25RPM","D.14"
1681750,9,15,"D","1.25RPM","D.15"
1613750,9,15,"D","1.25RPM","D.15"
1644950,9,15,"D","1.25RPM","D.15"
1993000,9,16,"D","1.25RPM","D.16"
2038350,9,16,"D","1.25RPM","D.16"
2024850,9,16,"D","1.25RPM","D.16"
2210250,10,1,"D","1.25RPM","D.1"
2208250,10,1,"D","1.25RPM","D.1"
2438200,10,1,"D","1.25RPM","D.1"
1208950,10,2,"D","1.25RPM","D.2"
1209500,10,2,"D","1.25RPM","D.2"
1268100,10,2,"D","1.25RPM","D.2"
1161600,10,3,"D","1.25RPM","D.3"
1104700,10,3,"D","1.25RPM","D.3"
1070700,10,3,"D","1.25RPM","D.3"
2769600,10,4,"D","1.25RPM","D.4"
2857100,10,4,"D","1.25RPM","D.4"
2876100,10,4,"D","1.25RPM","D.4"
1533350,10,5,"D","1.25RPM","D.5"
1551650,10,5,"D","1.25RPM","D.5"
1602000,10,5,"D","1.25RPM","D.5"
3051500,10,6,"D","1.25RPM","D.6"
3025250,10,6,"D","1.25RPM","D.6"
3197300,10,6,"D","1.25RPM","D.6"
1283650,10,7,"D","1.25RPM","D.7"
1258550,10,7,"D","1.25RPM","D.7"
1280650,10,7,"D","1.25RPM","D.7"
3788750,10,8,"D","1.25RPM","D.8"
3600650,10,8,"D","1.25RPM","D.8"
3749950,10,8,"D","1.25RPM","D.8"
3546200,10,9,"D","1.25RPM","D.9"
3669950,10,9,"D","1.25RPM","D.9"
3483000,10,9,"D","1.25RPM","D.9"
3984400,10,10,"D","1.25RPM","D.10"
3828050,10,10,"D","1.25RPM","D.10"
3844150,10,10,"D","1.25RPM","D.10"
2174650,10,11,"D","1.25RPM","D.11"
2231800,10,11,"D","1.25RPM","D.11"
2225550,10,11,"D","1.25RPM","D.11"
1874150,10,12,"D","1.25RPM","D.12"
1875750,10,12,"D","1.25RPM","D.12"
2031550,10,12,"D","1.25RPM","D.12"
2720300,10,13,"D","1.25RPM","D.13"
2795850,10,13,"D","1.25RPM","D.13"
2733150,10,13,"D","1.25RPM","D.13"
1458750,10,14,"D","1.25RPM","D.14"
1496200,10,14,"D","1.25RPM","D.14"
1547900,10,14,"D","1.25RPM","D.14"
1690150,10,15,"D","1.25RPM","D.15"
1733150,10,15,"D","1.25RPM","D.15"
1762400,10,15,"D","1.25RPM","D.15"
2607950,10,16,"D","1.25RPM","D.16"
2478500,10,16,"D","1.25RPM","D.16"
2514000,10,16,"D","1.25RPM","D.16"
2227700,11,1,"D","1.25RPM","D.1"
2127050,11,1,"D","1.25RPM","D.1"
2101950,11,1,"D","1.25RPM","D.1"
1631150,11,2,"D","1.25RPM","D.2"
1668800,11,2,"D","1.25RPM","D.2"
1696550,11,2,"D","1.25RPM","D.2"
1230550,11,3,"D","1.25RPM","D.3"
1118800,11,3,"D","1.25RPM","D.3"
1121400,11,3,"D","1.25RPM","D.3"
3550550,11,4,"D","1.25RPM","D.4"
3619400,11,4,"D","1.25RPM","D.4"
3523100,11,4,"D","1.25RPM","D.4"
1765250,11,5,"D","1.25RPM","D.5"
1697450,11,5,"D","1.25RPM","D.5"
1721050,11,5,"D","1.25RPM","D.5"
3012750,11,6,"D","1.25RPM","D.6"
3034100,11,6,"D","1.25RPM","D.6"
3030750,11,6,"D","1.25RPM","D.6"
1364450,11,7,"D","1.25RPM","D.7"
1480450,11,7,"D","1.25RPM","D.7"
1345650,11,7,"D","1.25RPM","D.7"
3386650,11,8,"D","1.25RPM","D.8"
3291550,11,8,"D","1.25RPM","D.8"
3429750,11,8,"D","1.25RPM","D.8"
3371300,11,9,"D","1.25RPM","D.9"
3293150,11,9,"D","1.25RPM","D.9"
3515950,11,9,"D","1.25RPM","D.9"
3845300,11,10,"D","1.25RPM","D.10"
3904100,11,10,"D","1.25RPM","D.10"
3846850,11,10,"D","1.25RPM","D.10"
1835400,11,11,"D","1.25RPM","D.11"
1867900,11,11,"D","1.25RPM","D.11"
1859200,11,11,"D","1.25RPM","D.11"
1441500,11,12,"D","1.25RPM","D.12"
1507650,11,12,"D","1.25RPM","D.12"
1578150,11,12,"D","1.25RPM","D.12"
3394550,11,13,"D","1.25RPM","D.13"
3465750,11,13,"D","1.25RPM","D.13"
3317750,11,13,"D","1.25RPM","D.13"
1157850,11,14,"D","1.25RPM","D.14"
1203900,11,14,"D","1.25RPM","D.14"
1188450,11,14,"D","1.25RPM","D.14"
1620550,11,15,"D","1.25RPM","D.15"
1607850,11,15,"D","1.25RPM","D.15"
1588800,11,15,"D","1.25RPM","D.15"
3002900,11,16,"D","1.25RPM","D.16"
3100950,11,16,"D","1.25RPM","D.16"
3126150,11,16,"D","1.25RPM","D.16"
2264350,12,1,"D","1.25RPM","D.1"
2284400,12,1,"D","1.25RPM","D.1"
2248200,12,1,"D","1.25RPM","D.1"
1838650,12,2,"D","1.25RPM","D.2"
1873000,12,2,"D","1.25RPM","D.2"
1861650,12,2,"D","1.25RPM","D.2"
2813050,12,3,"D","1.25RPM","D.3"
2848800,12,3,"D","1.25RPM","D.3"
2940200,12,3,"D","1.25RPM","D.3"
2541250,12,4,"D","1.25RPM","D.4"
2541500,12,4,"D","1.25RPM","D.4"
2685700,12,4,"D","1.25RPM","D.4"
2084300,12,5,"D","1.25RPM","D.5"
2110700,12,5,"D","1.25RPM","D.5"
2032100,12,5,"D","1.25RPM","D.5"
2082600,12,6,"D","1.25RPM","D.6"
2000800,12,6,"D","1.25RPM","D.6"
1977950,12,6,"D","1.25RPM","D.6"
1918050,12,7,"D","1.25RPM","D.7"
1867800,12,7,"D","1.25RPM","D.7"
1811850,12,7,"D","1.25RPM","D.7"
2921300,12,8,"D","1.25RPM","D.8"
2963950,12,8,"D","1.25RPM","D.8"
3024200,12,8,"D","1.25RPM","D.8"
2507350,12,9,"D","1.25RPM","D.9"
2586800,12,9,"D","1.25RPM","D.9"
2866250,12,9,"D","1.25RPM","D.9"
3143000,12,10,"D","1.25RPM","D.10"
3108900,12,10,"D","1.25RPM","D.10"
3017450,12,10,"D","1.25RPM","D.10"
2226150,12,11,"D","1.25RPM","D.11"
2281600,12,11,"D","1.25RPM","D.11"
2213500,12,11,"D","1.25RPM","D.11"
2298550,12,12,"D","1.25RPM","D.12"
2377400,12,12,"D","1.25RPM","D.12"
2376500,12,12,"D","1.25RPM","D.12"
2304100,12,13,"D","1.25RPM","D.13"
2385150,12,13,"D","1.25RPM","D.13"
2349450,12,13,"D","1.25RPM","D.13"
1773600,12,14,"D","1.25RPM","D.14"
1682600,12,14,"D","1.25RPM","D.14"
1744700,12,14,"D","1.25RPM","D.14"
2450350,12,15,"D","1.25RPM","D.15"
2382900,12,15,"D","1.25RPM","D.15"
2630300,12,15,"D","1.25RPM","D.15"
3412550,12,16,"D","1.25RPM","D.16"
3547900,12,16,"D","1.25RPM","D.16"
3483050,12,16,"D","1.25RPM","D.16"
2378950,13,1,"D","1.25RPM","D.1"
2337050,13,1,"D","1.25RPM","D.1"
2319550,13,1,"D","1.25RPM","D.1"
1754050,13,2,"D","1.25RPM","D.2"
1742550,13,2,"D","1.25RPM","D.2"
1721900,13,2,"D","1.25RPM","D.2"
3266350,13,3,"D","1.25RPM","D.3"
3344450,13,3,"D","1.25RPM","D.3"
3369050,13,3,"D","1.25RPM","D.3"
2370050,13,4,"D","1.25RPM","D.4"
2397550,13,4,"D","1.25RPM","D.4"
2314150,13,4,"D","1.25RPM","D.4"
1818200,13,5,"D","1.25RPM","D.5"
1788350,13,5,"D","1.25RPM","D.5"
1743100,13,5,"D","1.25RPM","D.5"
2105250,13,6,"D","1.25RPM","D.6"
2120000,13,6,"D","1.25RPM","D.6"
2140650,13,6,"D","1.25RPM","D.6"
1047050,13,7,"D","1.25RPM","D.7"
1092350,13,7,"D","1.25RPM","D.7"
1068450,13,7,"D","1.25RPM","D.7"
2711900,13,8,"D","1.25RPM","D.8"
2610550,13,8,"D","1.25RPM","D.8"
2631750,13,8,"D","1.25RPM","D.8"
2241150,13,9,"D","1.25RPM","D.9"
2220700,13,9,"D","1.25RPM","D.9"
2263400,13,9,"D","1.25RPM","D.9"
2516300,13,10,"D","1.25RPM","D.10"
2561750,13,10,"D","1.25RPM","D.10"
2520100,13,10,"D","1.25RPM","D.10"
2456600,13,11,"D","1.25RPM","D.11"
2388900,13,11,"D","1.25RPM","D.11"
2607900,13,11,"D","1.25RPM","D.11"
1518950,13,12,"D","1.25RPM","D.12"
1623000,13,12,"D","1.25RPM","D.12"
1540750,13,12,"D","1.25RPM","D.12"
1817550,13,13,"D","1.25RPM","D.13"
2001350,13,13,"D","1.25RPM","D.13"
1827850,13,13,"D","1.25RPM","D.13"
1076000,13,14,"D","1.25RPM","D.14"
1102650,13,14,"D","1.25RPM","D.14"
1116700,13,14,"D","1.25RPM","D.14"
1616550,13,15,"D","1.25RPM","D.15"
1641500,13,15,"D","1.25RPM","D.15"
1675100,13,15,"D","1.25RPM","D.15"
3150350,13,16,"D","1.25RPM","D.16"
3331400,13,16,"D","1.25RPM","D.16"
3309800,13,16,"D","1.25RPM","D.16"
2916000,14,1,"D","1.25RPM","D.1"
3024900,14,1,"D","1.25RPM","D.1"
3038300,14,1,"D","1.25RPM","D.1"
2671650,14,2,"D","1.25RPM","D.2"
2607750,14,2,"D","1.25RPM","D.2"
2587450,14,2,"D","1.25RPM","D.2"
3510050,14,3,"D","1.25RPM","D.3"
3513150,14,3,"D","1.25RPM","D.3"
3626950,14,3,"D","1.25RPM","D.3"
2086600,14,4,"D","1.25RPM","D.4"
2098500,14,4,"D","1.25RPM","D.4"
2131800,14,4,"D","1.25RPM","D.4"
2098850,14,5,"D","1.25RPM","D.5"
2033600,14,5,"D","1.25RPM","D.5"
2029450,14,5,"D","1.25RPM","D.5"
2174050,14,6,"D","1.25RPM","D.6"
2079800,14,6,"D","1.25RPM","D.6"
2135950,14,6,"D","1.25RPM","D.6"
1057650,14,7,"D","1.25RPM","D.7"
1070500,14,7,"D","1.25RPM","D.7"
1010750,14,7,"D","1.25RPM","D.7"
2251200,14,8,"D","1.25RPM","D.8"
2218100,14,8,"D","1.25RPM","D.8"
2243050,14,8,"D","1.25RPM","D.8"
2136050,14,9,"D","1.25RPM","D.9"
2023650,14,9,"D","1.25RPM","D.9"
2061150,14,9,"D","1.25RPM","D.9"
3288550,14,10,"D","1.25RPM","D.10"
3210800,14,10,"D","1.25RPM","D.10"
3000150,14,10,"D","1.25RPM","D.10"
2534500,14,11,"D","1.25RPM","D.11"
2551500,14,11,"D","1.25RPM","D.11"
2539150,14,11,"D","1.25RPM","D.11"
1805250,14,12,"D","1.25RPM","D.12"
1738000,14,12,"D","1.25RPM","D.12"
1879300,14,12,"D","1.25RPM","D.12"
1307400,14,13,"D","1.25RPM","D.13"
1323050,14,13,"D","1.25RPM","D.13"
1291100,14,13,"D","1.25RPM","D.13"
1245350,14,14,"D","1.25RPM","D.14"
1225750,14,14,"D","1.25RPM","D.14"
1250550,14,14,"D","1.25RPM","D.14"
2081900,14,15,"D","1.25RPM","D.15"
1997100,14,15,"D","1.25RPM","D.15"
2193600,14,15,"D","1.25RPM","D.15"
3446950,14,16,"D","1.25RPM","D.16"
3416400,14,16,"D","1.25RPM","D.16"
3559150,14,16,"D","1.25RPM","D.16"
2848350,15,1,"D","1.25RPM","D.1"
2930450,15,1,"D","1.25RPM","D.1"
2937500,15,1,"D","1.25RPM","D.1"
3463750,15,2,"D","1.25RPM","D.2"
3386750,15,2,"D","1.25RPM","D.2"
3437700,15,2,"D","1.25RPM","D.2"
4240100,15,3,"D","1.25RPM","D.3"
4387400,15,3,"D","1.25RPM","D.3"
4187000,15,3,"D","1.25RPM","D.3"
2074800,15,4,"D","1.25RPM","D.4"
1968550,15,4,"D","1.25RPM","D.4"
2125850,15,4,"D","1.25RPM","D.4"
3216500,15,5,"D","1.25RPM","D.5"
3210250,15,5,"D","1.25RPM","D.5"
3186700,15,5,"D","1.25RPM","D.5"
2047750,15,6,"D","1.25RPM","D.6"
2140050,15,6,"D","1.25RPM","D.6"
2111250,15,6,"D","1.25RPM","D.6"
993500,15,7,"D","1.25RPM","D.7"
1029400,15,7,"D","1.25RPM","D.7"
1072050,15,7,"D","1.25RPM","D.7"
2090550,15,8,"D","1.25RPM","D.8"
2129600,15,8,"D","1.25RPM","D.8"
2232300,15,8,"D","1.25RPM","D.8"
1736000,15,9,"D","1.25RPM","D.9"
1732100,15,9,"D","1.25RPM","D.9"
1714400,15,9,"D","1.25RPM","D.9"
2374600,15,10,"D","1.25RPM","D.10"
2481050,15,10,"D","1.25RPM","D.10"
2449150,15,10,"D","1.25RPM","D.10"
2858900,15,11,"D","1.25RPM","D.11"
2895650,15,11,"D","1.25RPM","D.11"
2983650,15,11,"D","1.25RPM","D.11"
2953550,15,12,"D","1.25RPM","D.12"
2994500,15,12,"D","1.25RPM","D.12"
3159150,15,12,"D","1.25RPM","D.12"
1010000,15,13,"D","1.25RPM","D.13"
1035150,15,13,"D","1.25RPM","D.13"
1038650,15,13,"D","1.25RPM","D.13"
2375500,15,14,"D","1.25RPM","D.14"
2395900,15,14,"D","1.25RPM","D.14"
2364350,15,14,"D","1.25RPM","D.14"
2649600,15,15,"D","1.25RPM","D.15"
2744400,15,15,"D","1.25RPM","D.15"
2818900,15,15,"D","1.25RPM","D.15"
3540900,15,16,"D","1.25RPM","D.16"
3551800,15,16,"D","1.25RPM","D.16"
3776150,15,16,"D","1.25RPM","D.16"
1824850,16,4,"D","1.25RPM","D.4"
2126000,16,4,"D","1.25RPM","D.4"
2230650,16,4,"D","1.25RPM","D.4"
1639700,16,6,"D","1.25RPM","D.6"
1703900,16,6,"D","1.25RPM","D.6"
1697800,16,6,"D","1.25RPM","D.6"
1726850,16,8,"D","1.25RPM","D.8"
1728550,16,8,"D","1.25RPM","D.8"
1759300,16,8,"D","1.25RPM","D.8"
1490300,16,9,"D","1.25RPM","D.9"
1499950,16,9,"D","1.25RPM","D.9"
1466500,16,9,"D","1.25RPM","D.9"
1970500,16,10,"D","1.25RPM","D.10"
1923250,16,10,"D","1.25RPM","D.10"
2001500,16,10,"D","1.25RPM","D.10"
1570150,16,13,"D","1.25RPM","D.13"
1527300,16,13,"D","1.25RPM","D.13"
1614100,16,13,"D","1.25RPM","D.13"
1433250,17,4,"D","1.25RPM","D.4"
1479500,17,4,"D","1.25RPM","D.4"
1426350,17,4,"D","1.25RPM","D.4"
1501500,17,6,"D","1.25RPM","D.6"
1491550,17,6,"D","1.25RPM","D.6"
1494250,17,6,"D","1.25RPM","D.6"
1496400,17,8,"D","1.25RPM","D.8"
1610750,17,8,"D","1.25RPM","D.8"
1560150,17,8,"D","1.25RPM","D.8"
1377650,17,9,"D","1.25RPM","D.9"
1344450,17,9,"D","1.25RPM","D.9"
1417450,17,9,"D","1.25RPM","D.9"
1782550,17,10,"D","1.25RPM","D.10"
1807650,17,10,"D","1.25RPM","D.10"
1749050,17,10,"D","1.25RPM","D.10"
1359250,17,13,"D","1.25RPM","D.13"
1325450,17,13,"D","1.25RPM","D.13"
1385400,17,13,"D","1.25RPM","D.13"
1566400,18,4,"D","1.25RPM","D.4"
1675850,18,4,"D","1.25RPM","D.4"
1641900,18,4,"D","1.25RPM","D.4"
1550100,18,6,"D","1.25RPM","D.6"
1529850,18,6,"D","1.25RPM","D.6"
1502300,18,6,"D","1.25RPM","D.6"
1529500,18,8,"D","1.25RPM","D.8"
1534450,18,8,"D","1.25RPM","D.8"
1540400,18,8,"D","1.25RPM","D.8"
1354300,18,9,"D","1.25RPM","D.9"
1378200,18,9,"D","1.25RPM","D.9"
1329900,18,9,"D","1.25RPM","D.9"
1745300,18,10,"D","1.25RPM","D.10"
1745650,18,10,"D","1.25RPM","D.10"
1778150,18,10,"D","1.25RPM","D.10"
1373300,18,13,"D","1.25RPM","D.13"
1382050,18,13,"D","1.25RPM","D.13"
1378250,18,13,"D","1.25RPM","D.13"
1406050,19,4,"D","1.25RPM","D.4"
1333350,19,4,"D","1.25RPM","D.4"
1450000,19,4,"D","1.25RPM","D.4"
1431250,19,6,"D","1.25RPM","D.6"
1336350,19,6,"D","1.25RPM","D.6"
1368650,19,6,"D","1.25RPM","D.6"
1341500,19,8,"D","1.25RPM","D.8"
1305100,19,8,"D","1.25RPM","D.8"
1344900,19,8,"D","1.25RPM","D.8"
1303650,19,9,"D","1.25RPM","D.9"
1316900,19,9,"D","1.25RPM","D.9"
1312750,19,9,"D","1.25RPM","D.9"
1607450,19,10,"D","1.25RPM","D.10"
1625400,19,10,"D","1.25RPM","D.10"
1732400,19,10,"D","1.25RPM","D.10"
1223600,19,13,"D","1.25RPM","D.13"
1244300,19,13,"D","1.25RPM","D.13"
1284850,19,13,"D","1.25RPM","D.13"
2422850,20,4,"D","1.25RPM","D.4"
2247000,20,4,"D","1.25RPM","D.4"
2276250,20,4,"D","1.25RPM","D.4"
1956600,20,6,"D","1.25RPM","D.6"
1873600,20,6,"D","1.25RPM","D.6"
1886500,20,6,"D","1.25RPM","D.6"
1311950,20,8,"D","1.25RPM","D.8"
1353250,20,8,"D","1.25RPM","D.8"
1291100,20,8,"D","1.25RPM","D.8"
1423450,20,9,"D","1.25RPM","D.9"
1413600,20,9,"D","1.25RPM","D.9"
1379800,20,9,"D","1.25RPM","D.9"
1760300,20,10,"D","1.25RPM","D.10"
1819900,20,10,"D","1.25RPM","D.10"
1851200,20,10,"D","1.25RPM","D.10"
1507100,20,13,"D","1.25RPM","D.13"
1425200,20,13,"D","1.25RPM","D.13"
1407150,20,13,"D","1.25RPM","D.13"
2159150,21,4,"D","1.25RPM","D.4"
2158900,21,4,"D","1.25RPM","D.4"
2264950,21,4,"D","1.25RPM","D.4"
1848450,21,6,"D","1.25RPM","D.6"
1978200,21,6,"D","1.25RPM","D.6"
1930800,21,6,"D","1.25RPM","D.6"
1843200,21,8,"D","1.25RPM","D.8"
1730000,21,8,"D","1.25RPM","D.8"
1953100,21,8,"D","1.25RPM","D.8"
1765750,21,9,"D","1.25RPM","D.9"
1681100,21,9,"D","1.25RPM","D.9"
1639000,21,9,"D","1.25RPM","D.9"
2588400,21,10,"D","1.25RPM","D.10"
2667350,21,10,"D","1.25RPM","D.10"
2539800,21,10,"D","1.25RPM","D.10"
1622350,21,13,"D","1.25RPM","D.13"
1640550,21,13,"D","1.25RPM","D.13"
1546700,21,13,"D","1.25RPM","D.13"
2123150,22,4,"D","1.25RPM","D.4"
2250550,22,4,"D","1.25RPM","D.4"
2304750,22,4,"D","1.25RPM","D.4"
1414900,22,6,"D","1.25RPM","D.6"
1416000,22,6,"D","1.25RPM","D.6"
1423600,22,6,"D","1.25RPM","D.6"
1566500,22,8,"D","1.25RPM","D.8"
1615850,22,8,"D","1.25RPM","D.8"
1622650,22,8,"D","1.25RPM","D.8"
1092550,22,9,"D","1.25RPM","D.9"
1109700,22,9,"D","1.25RPM","D.9"
1050350,22,9,"D","1.25RPM","D.9"
1897150,22,10,"D","1.25RPM","D.10"
1747000,22,10,"D","1.25RPM","D.10"
1843600,22,10,"D","1.25RPM","D.10"
1148500,22,13,"D","1.25RPM","D.13"
1179450,22,13,"D","1.25RPM","D.13"
1133450,22,13,"D","1.25RPM","D.13"
2279750,23,4,"D","1.25RPM","D.4"
2199850,23,4,"D","1.25RPM","D.4"
2429350,23,4,"D","1.25RPM","D.4"
1377950,23,6,"D","1.25RPM","D.6"
1404700,23,6,"D","1.25RPM","D.6"
1370850,23,6,"D","1.25RPM","D.6"
1720050,23,8,"D","1.25RPM","D.8"
1864700,23,8,"D","1.25RPM","D.8"
2044400,23,8,"D","1.25RPM","D.8"
2180300,23,9,"D","1.25RPM","D.9"
2062500,23,9,"D","1.25RPM","D.9"
2176750,23,9,"D","1.25RPM","D.9"
2582950,23,10,"D","1.25RPM","D.10"
2692350,23,10,"D","1.25RPM","D.10"
2704050,23,10,"D","1.25RPM","D.10"
1194700,23,13,"D","1.25RPM","D.13"
1179700,23,13,"D","1.25RPM","D.13"
1119250,23,13,"D","1.25RPM","D.13"
2190400,24,4,"D","1.25RPM","D.4"
2106900,24,4,"D","1.25RPM","D.4"
2287800,24,4,"D","1.25RPM","D.4"
1651600,24,6,"D","1.25RPM","D.6"
1693650,24,6,"D","1.25RPM","D.6"
1683900,24,6,"D","1.25RPM","D.6"
2155000,24,8,"D","1.25RPM","D.8"
2144450,24,8,"D","1.25RPM","D.8"
2237100,24,8,"D","1.25RPM","D.8"
2502100,24,9,"D","1.25RPM","D.9"
2420300,24,9,"D","1.25RPM","D.9"
2475000,24,9,"D","1.25RPM","D.9"
2269150,24,10,"D","1.25RPM","D.10"
2288350,24,10,"D","1.25RPM","D.10"
2349350,24,10,"D","1.25RPM","D.10"
2277400,24,13,"D","1.25RPM","D.13"
2019300,24,13,"D","1.25RPM","D.13"
1982800,24,13,"D","1.25RPM","D.13"
1831950,25,4,"D","1.25RPM","D.4"
1827550,25,4,"D","1.25RPM","D.4"
1945500,25,4,"D","1.25RPM","D.4"
1317450,25,6,"D","1.25RPM","D.6"
1275150,25,6,"D","1.25RPM","D.6"
1381300,25,6,"D","1.25RPM","D.6"
1741850,25,8,"D","1.25RPM","D.8"
1762100,25,8,"D","1.25RPM","D.8"
1814100,25,8,"D","1.25RPM","D.8"
1657500,25,9,"D","1.25RPM","D.9"
1566650,25,9,"D","1.25RPM","D.9"
1854500,25,9,"D","1.25RPM","D.9"
1397300,25,10,"D","1.25RPM","D.10"
1475050,25,10,"D","1.25RPM","D.10"
1508050,25,10,"D","1.25RPM","D.10"
1489150,25,13,"D","1.25RPM","D.13"
1519600,25,13,"D","1.25RPM","D.13"
1456150,25,13,"D","1.25RPM","D.13"
2443350,26,4,"D","1.25RPM","D.4"
2305400,26,4,"D","1.25RPM","D.4"
2528050,26,4,"D","1.25RPM","D.4"
2741400,26,6,"D","1.25RPM","D.6"
2810300,26,6,"D","1.25RPM","D.6"
2926900,26,6,"D","1.25RPM","D.6"
1883200,26,8,"D","1.25RPM","D.8"
1921700,26,8,"D","1.25RPM","D.8"
1963100,26,8,"D","1.25RPM","D.8"
1597450,26,9,"D","1.25RPM","D.9"
1557950,26,9,"D","1.25RPM","D.9"
1534600,26,9,"D","1.25RPM","D.9"
1710200,26,10,"D","1.25RPM","D.10"
1774450,26,10,"D","1.25RPM","D.10"
1761900,26,10,"D","1.25RPM","D.10"
1732000,26,13,"D","1.25RPM","D.13"
1744750,26,13,"D","1.25RPM","D.13"
1724500,26,13,"D","1.25RPM","D.13"
2305450,27,4,"D","1.25RPM","D.4"
2292000,27,4,"D","1.25RPM","D.4"
2385700,27,4,"D","1.25RPM","D.4"
3037750,27,6,"D","1.25RPM","D.6"
3016600,27,6,"D","1.25RPM","D.6"
3116650,27,6,"D","1.25RPM","D.6"
2027500,27,8,"D","1.25RPM","D.8"
2016650,27,8,"D","1.25RPM","D.8"
2001750,27,8,"D","1.25RPM","D.8"
1551900,27,9,"D","1.25RPM","D.9"
1513250,27,9,"D","1.25RPM","D.9"
1515050,27,9,"D","1.25RPM","D.9"
2235450,27,10,"D","1.25RPM","D.10"
2297800,27,10,"D","1.25RPM","D.10"
2362750,27,10,"D","1.25RPM","D.10"
1721550,27,13,"D","1.25RPM","D.13"
1762850,27,13,"D","1.25RPM","D.13"
1828300,27,13,"D","1.25RPM","D.13"
3154500,28,4,"D","1.25RPM","D.4"
3004700,28,4,"D","1.25RPM","D.4"
3069150,28,4,"D","1.25RPM","D.4"
3796100,28,6,"D","1.25RPM","D.6"
3834950,28,6,"D","1.25RPM","D.6"
3944850,28,6,"D","1.25RPM","D.6"
2697700,28,8,"D","1.25RPM","D.8"
2553000,28,8,"D","1.25RPM","D.8"
2641250,28,8,"D","1.25RPM","D.8"
2245150,28,9,"D","1.25RPM","D.9"
2243950,28,9,"D","1.25RPM","D.9"
2285050,28,9,"D","1.25RPM","D.9"
3399400,28,10,"D","1.25RPM","D.10"
3279950,28,10,"D","1.25RPM","D.10"
3367450,28,10,"D","1.25RPM","D.10"
1996750,28,13,"D","1.25RPM","D.13"
2008350,28,13,"D","1.25RPM","D.13"
1953300,28,13,"D","1.25RPM","D.13"
3009100,29,4,"D","1.25RPM","D.4"
3057900,29,4,"D","1.25RPM","D.4"
3176800,29,4,"D","1.25RPM","D.4"
3276700,29,6,"D","1.25RPM","D.6"
3178800,29,6,"D","1.25RPM","D.6"
3214300,29,6,"D","1.25RPM","D.6"
2880800,29,8,"D","1.25RPM","D.8"
2874300,29,8,"D","1.25RPM","D.8"
2867000,29,8,"D","1.25RPM","D.8"
2089400,29,9,"D","1.25RPM","D.9"
2153000,29,9,"D","1.25RPM","D.9"
2220400,29,9,"D","1.25RPM","D.9"
3228700,29,10,"D","1.25RPM","D.10"
3110750,29,10,"D","1.25RPM","D.10"
3228400,29,10,"D","1.25RPM","D.10"
1794900,29,13,"D","1.25RPM","D.13"
1860050,29,13,"D","1.25RPM","D.13"
1987200,29,13,"D","1.25RPM","D.13"
3037850,30,4,"D","1.25RPM","D.4"
3002700,30,4,"D","1.25RPM","D.4"
2973150,30,4,"D","1.25RPM","D.4"
2540800,30,6,"D","1.25RPM","D.6"
2578000,30,6,"D","1.25RPM","D.6"
2577150,30,6,"D","1.25RPM","D.6"
2950550,30,8,"D","1.25RPM","D.8"
2839150,30,8,"D","1.25RPM","D.8"
2927250,30,8,"D","1.25RPM","D.8"
1902750,30,9,"D","1.25RPM","D.9"
1988350,30,9,"D","1.25RPM","D.9"
1933250,30,9,"D","1.25RPM","D.9"
2510150,30,10,"D","1.25RPM","D.10"
2614200,30,10,"D","1.25RPM","D.10"
2509950,30,10,"D","1.25RPM","D.10"
1751250,30,13,"D","1.25RPM","D.13"
1729250,30,13,"D","1.25RPM","D.13"
1814450,30,13,"D","1.25RPM","D.13"
3084000,31,4,"D","1.25RPM","D.4"
3016400,31,4,"D","1.25RPM","D.4"
3044700,31,4,"D","1.25RPM","D.4"
3218700,31,6,"D","1.25RPM","D.6"
1962700,31,6,"D","1.25RPM","D.6"
3167150,31,6,"D","1.25RPM","D.6"
3155300,31,8,"D","1.25RPM","D.8"
3128750,31,8,"D","1.25RPM","D.8"
3202550,31,8,"D","1.25RPM","D.8"
2752500,31,9,"D","1.25RPM","D.9"
2685950,31,9,"D","1.25RPM","D.9"
2836950,31,9,"D","1.25RPM","D.9"
3422600,31,10,"D","1.25RPM","D.10"
3794800,31,10,"D","1.25RPM","D.10"
3614100,31,10,"D","1.25RPM","D.10"
2436600,31,13,"D","1.25RPM","D.13"
2365700,31,13,"D","1.25RPM","D.13"
2406200,31,13,"D","1.25RPM","D.13"
3252850,32,4,"D","1.25RPM","D.4"
3038600,32,4,"D","1.25RPM","D.4"
3299850,32,4,"D","1.25RPM","D.4"
2345450,32,6,"D","1.25RPM","D.6"
2373200,32,6,"D","1.25RPM","D.6"
2447600,32,6,"D","1.25RPM","D.6"
3201050,32,8,"D","1.25RPM","D.8"
3120700,32,8,"D","1.25RPM","D.8"
3091750,32,8,"D","1.25RPM","D.8"
2280400,32,9,"D","1.25RPM","D.9"
2211850,32,9,"D","1.25RPM","D.9"
1971100,32,9,"D","1.25RPM","D.9"
3375850,32,10,"D","1.25RPM","D.10"
3385000,32,10,"D","1.25RPM","D.10"
3435650,32,10,"D","1.25RPM","D.10"
1793750,32,13,"D","1.25RPM","D.13"
1930300,32,13,"D","1.25RPM","D.13"
1842700,32,13,"D","1.25RPM","D.13"
3248450,33,4,"D","1.25RPM","D.4"
3465750,33,4,"D","1.25RPM","D.4"
3414000,33,4,"D","1.25RPM","D.4"
3036250,33,6,"D","1.25RPM","D.6"
3042500,33,6,"D","1.25RPM","D.6"
2946700,33,6,"D","1.25RPM","D.6"
3413750,33,8,"D","1.25RPM","D.8"
3489800,33,8,"D","1.25RPM","D.8"
3520200,33,8,"D","1.25RPM","D.8"
2721750,33,9,"D","1.25RPM","D.9"
2593450,33,9,"D","1.25RPM","D.9"
2522900,33,9,"D","1.25RPM","D.9"
3638800,33,10,"D","1.25RPM","D.10"
3870250,33,10,"D","1.25RPM","D.10"
3658200,33,10,"D","1.25RPM","D.10"
2369500,33,13,"D","1.25RPM","D.13"
2227100,33,13,"D","1.25RPM","D.13"
2278950,33,13,"D","1.25RPM","D.13"
3103900,34,4,"D","1.25RPM","D.4"
3283500,34,4,"D","1.25RPM","D.4"
3030600,34,4,"D","1.25RPM","D.4"
2984650,34,6,"D","1.25RPM","D.6"
3186400,34,6,"D","1.25RPM","D.6"
3261200,34,6,"D","1.25RPM","D.6"
3278650,34,8,"D","1.25RPM","D.8"
3045550,34,8,"D","1.25RPM","D.8"
3127800,34,8,"D","1.25RPM","D.8"
1776200,34,9,"D","1.25RPM","D.9"
1813350,34,9,"D","1.25RPM","D.9"
1779750,34,9,"D","1.25RPM","D.9"
2714150,34,10,"D","1.25RPM","D.10"
2949300,34,10,"D","1.25RPM","D.10"
2943650,34,10,"D","1.25RPM","D.10"
1877550,34,13,"D","1.25RPM","D.13"
2045700,34,13,"D","1.25RPM","D.13"
1993100,34,13,"D","1.25RPM","D.13"
2868200,35,4,"D","1.25RPM","D.4"
2967350,35,4,"D","1.25RPM","D.4"
3159500,35,4,"D","1.25RPM","D.4"
2500950,35,6,"D","1.25RPM","D.6"
2443800,35,6,"D","1.25RPM","D.6"
2470750,35,6,"D","1.25RPM","D.6"
2717950,35,8,"D","1.25RPM","D.8"
2632250,35,8,"D","1.25RPM","D.8"
2835150,35,8,"D","1.25RPM","D.8"
2037300,35,9,"D","1.25RPM","D.9"
2007000,35,9,"D","1.25RPM","D.9"
1975000,35,9,"D","1.25RPM","D.9"
2214250,35,10,"D","1.25RPM","D.10"
2268600,35,10,"D","1.25RPM","D.10"
2338950,35,10,"D","1.25RPM","D.10"
1059100,35,13,"D","1.25RPM","D.13"
1216700,35,13,"D","1.25RPM","D.13"
1191050,35,13,"D","1.25RPM","D.13"
2154350,36,4,"D","1.25RPM","D.4"
2101450,36,4,"D","1.25RPM","D.4"
2103100,36,4,"D","1.25RPM","D.4"
1985500,36,6,"D","1.25RPM","D.6"
2000800,36,6,"D","1.25RPM","D.6"
2086800,36,6,"D","1.25RPM","D.6"
2199900,36,8,"D","1.25RPM","D.8"
2268400,36,8,"D","1.25RPM","D.8"
2202850,36,8,"D","1.25RPM","D.8"
2556150,36,9,"D","1.25RPM","D.9"
2574800,36,9,"D","1.25RPM","D.9"
2596000,36,9,"D","1.25RPM","D.9"
2326500,36,10,"D","1.25RPM","D.10"
2323700,36,10,"D","1.25RPM","D.10"
2340000,36,10,"D","1.25RPM","D.10"
1009100,36,13,"D","1.25RPM","D.13"
958300,36,13,"D","1.25RPM","D.13"
1036750,36,13,"D","1.25RPM","D.13"
2165800,37,4,"D","1.25RPM","D.4"
2195150,37,4,"D","1.25RPM","D.4"
2196750,37,4,"D","1.25RPM","D.4"
2502950,37,6,"D","1.25RPM","D.6"
2532450,37,6,"D","1.25RPM","D.6"
2529550,37,6,"D","1.25RPM","D.6"
2959350,37,8,"D","1.25RPM","D.8"
2873050,37,8,"D","1.25RPM","D.8"
2901350,37,8,"D","1.25RPM","D.8"
2940500,37,9,"D","1.25RPM","D.9"
2876700,37,9,"D","1.25RPM","D.9"
2881700,37,9,"D","1.25RPM","D.9"
3198100,37,10,"D","1.25RPM","D.10"
3062450,37,10,"D","1.25RPM","D.10"
3206550,37,10,"D","1.25RPM","D.10"
1215250,37,13,"D","1.25RPM","D.13"
1191650,37,13,"D","1.25RPM","D.13"
1228400,37,13,"D","1.25RPM","D.13"
1315700,38,4,"D","1.25RPM","D.4"
1285100,38,4,"D","1.25RPM","D.4"
1268200,38,4,"D","1.25RPM","D.4"
2053750,38,6,"D","1.25RPM","D.6"
2129500,38,6,"D","1.25RPM","D.6"
2030550,38,6,"D","1.25RPM","D.6"
2149200,38,8,"D","1.25RPM","D.8"
2099400,38,8,"D","1.25RPM","D.8"
2109950,38,8,"D","1.25RPM","D.8"
2048500,38,9,"D","1.25RPM","D.9"
2061050,38,9,"D","1.25RPM","D.9"
2044150,38,9,"D","1.25RPM","D.9"
2194200,38,10,"D","1.25RPM","D.10"
2249700,38,10,"D","1.25RPM","D.10"
2202150,38,10,"D","1.25RPM","D.10"
1316550,38,13,"D","1.25RPM","D.13"
1309300,38,13,"D","1.25RPM","D.13"
1281850,38,13,"D","1.25RPM","D.13"
1740450,39,4,"D","1.25RPM","D.4"
1750100,39,4,"D","1.25RPM","D.4"
1777600,39,4,"D","1.25RPM","D.4"
3439750,39,6,"D","1.25RPM","D.6"
3515000,39,6,"D","1.25RPM","D.6"
3431300,39,6,"D","1.25RPM","D.6"
3530800,39,8,"D","1.25RPM","D.8"
3411300,39,8,"D","1.25RPM","D.8"
3532800,39,8,"D","1.25RPM","D.8"
2027300,39,9,"D","1.25RPM","D.9"
1933450,39,9,"D","1.25RPM","D.9"
2049900,39,9,"D","1.25RPM","D.9"
3302100,39,10,"D","1.25RPM","D.10"
3444000,39,10,"D","1.25RPM","D.10"
3565950,39,10,"D","1.25RPM","D.10"
2035100,39,13,"D","1.25RPM","D.13"
2164400,39,13,"D","1.25RPM","D.13"
2202800,39,13,"D","1.25RPM","D.13"
1871150,40,4,"D","1.25RPM","D.4"
1822300,40,4,"D","1.25RPM","D.4"
1882400,40,4,"D","1.25RPM","D.4"
2783500,40,6,"D","1.25RPM","D.6"
2763750,40,6,"D","1.25RPM","D.6"
2710150,40,6,"D","1.25RPM","D.6"
2224650,40,8,"D","1.25RPM","D.8"
2173550,40,8,"D","1.25RPM","D.8"
2262750,40,8,"D","1.25RPM","D.8"
1412850,40,9,"D","1.25RPM","D.9"
1426100,40,9,"D","1.25RPM","D.9"
1405500,40,9,"D","1.25RPM","D.9"
2392450,40,10,"D","1.25RPM","D.10"
2484650,40,10,"D","1.25RPM","D.10"
2520300,40,10,"D","1.25RPM","D.10"
2539100,40,13,"D","1.25RPM","D.13"
2566500,40,13,"D","1.25RPM","D.13"
2619500,40,13,"D","1.25RPM","D.13"
1278000,41,4,"D","1.25RPM","D.4"
1487550,41,4,"D","1.25RPM","D.4"
1339400,41,4,"D","1.25RPM","D.4"
2562250,41,6,"D","1.25RPM","D.6"
2637450,41,6,"D","1.25RPM","D.6"
2687650,41,6,"D","1.25RPM","D.6"
2413450,41,8,"D","1.25RPM","D.8"
2546100,41,8,"D","1.25RPM","D.8"
2770900,41,8,"D","1.25RPM","D.8"
1830350,41,9,"D","1.25RPM","D.9"
1712250,41,9,"D","1.25RPM","D.9"
1776250,41,9,"D","1.25RPM","D.9"
2367450,41,10,"D","1.25RPM","D.10"
2575150,41,10,"D","1.25RPM","D.10"
2427250,41,10,"D","1.25RPM","D.10"
1769000,41,13,"D","1.25RPM","D.13"
1884150,41,13,"D","1.25RPM","D.13"
1737100,41,13,"D","1.25RPM","D.13"
1529450,42,4,"D","1.25RPM","D.4"
1484900,42,4,"D","1.25RPM","D.4"
1490100,42,4,"D","1.25RPM","D.4"
2555900,42,6,"D","1.25RPM","D.6"
2748050,42,6,"D","1.25RPM","D.6"
2564250,42,6,"D","1.25RPM","D.6"
1854900,42,8,"D","1.25RPM","D.8"
2015600,42,8,"D","1.25RPM","D.8"
2155900,42,8,"D","1.25RPM","D.8"
2319300,42,9,"D","1.25RPM","D.9"
2280200,42,9,"D","1.25RPM","D.9"
2184700,42,9,"D","1.25RPM","D.9"
2798450,42,10,"D","1.25RPM","D.10"
2638150,42,10,"D","1.25RPM","D.10"
2695850,42,10,"D","1.25RPM","D.10"
2531150,42,13,"D","1.25RPM","D.13"
2659450,42,13,"D","1.25RPM","D.13"
2523250,42,13,"D","1.25RPM","D.13"
1521400,43,4,"D","1.25RPM","D.4"
1499800,43,4,"D","1.25RPM","D.4"
1628350,43,4,"D","1.25RPM","D.4"
2347750,43,6,"D","1.25RPM","D.6"
2289800,43,6,"D","1.25RPM","D.6"
2258950,43,6,"D","1.25RPM","D.6"
2227050,43,8,"D","1.25RPM","D.8"
2282750,43,8,"D","1.25RPM","D.8"
2404200,43,8,"D","1.25RPM","D.8"
1733800,43,9,"D","1.25RPM","D.9"
1613500,43,9,"D","1.25RPM","D.9"
1685250,43,9,"D","1.25RPM","D.9"
2011050,43,10,"D","1.25RPM","D.10"
1977750,43,10,"D","1.25RPM","D.10"
1891150,43,10,"D","1.25RPM","D.10"
2659750,43,13,"D","1.25RPM","D.13"
2773500,43,13,"D","1.25RPM","D.13"
2768000,43,13,"D","1.25RPM","D.13"
1723200,44,4,"D","1.25RPM","D.4"
1742900,44,4,"D","1.25RPM","D.4"
1746150,44,4,"D","1.25RPM","D.4"
2998150,44,6,"D","1.25RPM","D.6"
3059050,44,6,"D","1.25RPM","D.6"
3023500,44,6,"D","1.25RPM","D.6"
2006000,44,8,"D","1.25RPM","D.8"
1989950,44,8,"D","1.25RPM","D.8"
2001900,44,8,"D","1.25RPM","D.8"
2128650,44,9,"D","1.25RPM","D.9"
2101450,44,9,"D","1.25RPM","D.9"
2121850,44,9,"D","1.25RPM","D.9"
2489350,44,10,"D","1.25RPM","D.10"
2235900,44,10,"D","1.25RPM","D.10"
2207000,44,10,"D","1.25RPM","D.10"
3042300,44,13,"D","1.25RPM","D.13"
2938200,44,13,"D","1.25RPM","D.13"
4511150,44,13,"D","1.25RPM","D.13"
1364250,45,4,"D","1.25RPM","D.4"
1357550,45,4,"D","1.25RPM","D.4"
1365350,45,4,"D","1.25RPM","D.4"
3046700,45,6,"D","1.25RPM","D.6"
2990100,45,6,"D","1.25RPM","D.6"
2952200,45,6,"D","1.25RPM","D.6"
2042200,45,8,"D","1.25RPM","D.8"
2273250,45,8,"D","1.25RPM","D.8"
2232450,45,8,"D","1.25RPM","D.8"
2194700,45,9,"D","1.25RPM","D.9"
2180050,45,9,"D","1.25RPM","D.9"
2083250,45,9,"D","1.25RPM","D.9"
2099700,45,10,"D","1.25RPM","D.10"
2046100,45,10,"D","1.25RPM","D.10"
2150200,45,10,"D","1.25RPM","D.10"
3347300,45,13,"D","1.25RPM","D.13"
3398200,45,13,"D","1.25RPM","D.13"
3452000,45,13,"D","1.25RPM","D.13"
1494500,46,4,"D","1.25RPM","D.4"
1547300,46,4,"D","1.25RPM","D.4"
1488800,46,4,"D","1.25RPM","D.4"
2480600,46,6,"D","1.25RPM","D.6"
2511700,46,6,"D","1.25RPM","D.6"
2601550,46,6,"D","1.25RPM","D.6"
1937900,46,8,"D","1.25RPM","D.8"
1906000,46,8,"D","1.25RPM","D.8"
1791550,46,8,"D","1.25RPM","D.8"
1282500,46,9,"D","1.25RPM","D.9"
1196050,46,9,"D","1.25RPM","D.9"
1261350,46,9,"D","1.25RPM","D.9"
1639700,46,10,"D","1.25RPM","D.10"
1678400,46,10,"D","1.25RPM","D.10"
1642350,46,10,"D","1.25RPM","D.10"
2908600,46,13,"D","1.25RPM","D.13"
3085450,46,13,"D","1.25RPM","D.13"
2997100,46,13,"D","1.25RPM","D.13"
1604550,47,4,"D","1.25RPM","D.4"
1589250,47,4,"D","1.25RPM","D.4"
1642750,47,4,"D","1.25RPM","D.4"
2618150,47,6,"D","1.25RPM","D.6"
2878850,47,6,"D","1.25RPM","D.6"
2868900,47,6,"D","1.25RPM","D.6"
3115750,47,8,"D","1.25RPM","D.8"
3022750,47,8,"D","1.25RPM","D.8"
3169700,47,8,"D","1.25RPM","D.8"
2698200,47,9,"D","1.25RPM","D.9"
2759100,47,9,"D","1.25RPM","D.9"
2837200,47,9,"D","1.25RPM","D.9"
3721000,47,10,"D","1.25RPM","D.10"
3870300,47,10,"D","1.25RPM","D.10"
3807800,47,10,"D","1.25RPM","D.10"
3561000,47,13,"D","1.25RPM","D.13"
3655650,47,13,"D","1.25RPM","D.13"
3512750,47,13,"D","1.25RPM","D.13"
1573900,48,4,"D","1.25RPM","D.4"
1437150,48,4,"D","1.25RPM","D.4"
1530300,48,4,"D","1.25RPM","D.4"
2145350,48,6,"D","1.25RPM","D.6"
2123400,48,6,"D","1.25RPM","D.6"
2200750,48,6,"D","1.25RPM","D.6"
1771750,48,8,"D","1.25RPM","D.8"
1879300,48,8,"D","1.25RPM","D.8"
1838250,48,8,"D","1.25RPM","D.8"
1209000,48,9,"D","1.25RPM","D.9"
1140550,48,9,"D","1.25RPM","D.9"
1223700,48,9,"D","1.25RPM","D.9"
2059350,48,10,"D","1.25RPM","D.10"
2094650,48,10,"D","1.25RPM","D.10"
2113700,48,10,"D","1.25RPM","D.10"
2462000,48,13,"D","1.25RPM","D.13"
2727500,48,13,"D","1.25RPM","D.13"
2577850,48,13,"D","1.25RPM","D.13"
1675800,49,4,"D","1.25RPM","D.4"
1660750,49,4,"D","1.25RPM","D.4"
1714700,49,4,"D","1.25RPM","D.4"
2316850,49,6,"D","1.25RPM","D.6"
2259300,49,6,"D","1.25RPM","D.6"
2245150,49,6,"D","1.25RPM","D.6"
2039300,49,8,"D","1.25RPM","D.8"
2007100,49,8,"D","1.25RPM","D.8"
1976200,49,8,"D","1.25RPM","D.8"
1325300,49,9,"D","1.25RPM","D.9"
1313450,49,9,"D","1.25RPM","D.9"
1310700,49,9,"D","1.25RPM","D.9"
1972900,49,10,"D","1.25RPM","D.10"
1989100,49,10,"D","1.25RPM","D.10"
2054050,49,10,"D","1.25RPM","D.10"
2823650,49,13,"D","1.25RPM","D.13"
2866950,49,13,"D","1.25RPM","D.13"
2906950,49,13,"D","1.25RPM","D.13"
1673000,50,4,"D","1.25RPM","D.4"
1573950,50,4,"D","1.25RPM","D.4"
1668200,50,4,"D","1.25RPM","D.4"
2587150,50,6,"D","1.25RPM","D.6"
2473450,50,6,"D","1.25RPM","D.6"
2555750,50,6,"D","1.25RPM","D.6"
2738350,50,8,"D","1.25RPM","D.8"
2675500,50,8,"D","1.25RPM","D.8"
2583150,50,8,"D","1.25RPM","D.8"
2278700,50,9,"D","1.25RPM","D.9"
2225750,50,9,"D","1.25RPM","D.9"
2208850,50,9,"D","1.25RPM","D.9"
1965950,50,10,"D","1.25RPM","D.10"
2091500,50,10,"D","1.25RPM","D.10"
2114000,50,10,"D","1.25RPM","D.10"
2939850,50,13,"D","1.25RPM","D.13"
2909250,50,13,"D","1.25RPM","D.13"
2970000,50,13,"D","1.25RPM","D.13"
2200600,51,4,"D","1.25RPM","D.4"
2249150,51,4,"D","1.25RPM","D.4"
2310000,51,4,"D","1.25RPM","D.4"
3079000,51,6,"D","1.25RPM","D.6"
3179800,51,6,"D","1.25RPM","D.6"
3154300,51,6,"D","1.25RPM","D.6"
3956500,51,8,"D","1.25RPM","D.8"
3891250,51,8,"D","1.25RPM","D.8"
4036950,51,8,"D","1.25RPM","D.8"
2984600,51,9,"D","1.25RPM","D.9"
2899800,51,9,"D","1.25RPM","D.9"
2913050,51,9,"D","1.25RPM","D.9"
3787900,51,10,"D","1.25RPM","D.10"
3895750,51,10,"D","1.25RPM","D.10"
3835650,51,10,"D","1.25RPM","D.10"
3806700,51,13,"D","1.25RPM","D.13"
3535800,51,13,"D","1.25RPM","D.13"
3665600,51,13,"D","1.25RPM","D.13"
2704000,52,4,"D","1.25RPM","D.4"
2818400,52,4,"D","1.25RPM","D.4"
2700400,52,4,"D","1.25RPM","D.4"
3319900,52,6,"D","1.25RPM","D.6"
3147200,52,6,"D","1.25RPM","D.6"
3339900,52,6,"D","1.25RPM","D.6"
4000650,52,8,"D","1.25RPM","D.8"
3940250,52,8,"D","1.25RPM","D.8"
4109950,52,8,"D","1.25RPM","D.8"
2644150,52,9,"D","1.25RPM","D.9"
2672550,52,9,"D","1.25RPM","D.9"
2751200,52,9,"D","1.25RPM","D.9"
3296100,52,10,"D","1.25RPM","D.10"
3446850,52,10,"D","1.25RPM","D.10"
3414200,52,10,"D","1.25RPM","D.10"
3497450,52,13,"D","1.25RPM","D.13"
3591450,52,13,"D","1.25RPM","D.13"
3623500,52,13,"D","1.25RPM","D.13"
2315400,53,4,"D","1.25RPM","D.4"
2391200,53,4,"D","1.25RPM","D.4"
2298950,53,4,"D","1.25RPM","D.4"
2510250,53,6,"D","1.25RPM","D.6"
2513600,53,6,"D","1.25RPM","D.6"
2535500,53,6,"D","1.25RPM","D.6"
3184250,53,8,"D","1.25RPM","D.8"
3124000,53,8,"D","1.25RPM","D.8"
3118650,53,8,"D","1.25RPM","D.8"
2231050,53,9,"D","1.25RPM","D.9"
2133200,53,9,"D","1.25RPM","D.9"
2071350,53,9,"D","1.25RPM","D.9"
2513950,53,10,"D","1.25RPM","D.10"
2577750,53,10,"D","1.25RPM","D.10"
2604100,53,10,"D","1.25RPM","D.10"
2508150,53,13,"D","1.25RPM","D.13"
2613950,53,13,"D","1.25RPM","D.13"
2618450,53,13,"D","1.25RPM","D.13"
1956600,54,4,"D","1.25RPM","D.4"
1919350,54,4,"D","1.25RPM","D.4"
1990700,54,4,"D","1.25RPM","D.4"
2792500,54,6,"D","1.25RPM","D.6"
2893850,54,6,"D","1.25RPM","D.6"
2868750,54,6,"D","1.25RPM","D.6"
3316250,54,8,"D","1.25RPM","D.8"
3171100,54,8,"D","1.25RPM","D.8"
3332650,54,8,"D","1.25RPM","D.8"
2729050,54,9,"D","1.25RPM","D.9"
2709600,54,9,"D","1.25RPM","D.9"
2680100,54,9,"D","1.25RPM","D.9"
2482900,54,10,"D","1.25RPM","D.10"
2387800,54,10,"D","1.25RPM","D.10"
2389850,54,10,"D","1.25RPM","D.10"
2543250,54,13,"D","1.25RPM","D.13"
2587400,54,13,"D","1.25RPM","D.13"
2503950,54,13,"D","1.25RPM","D.13"
1863900,55,4,"D","1.25RPM","D.4"
2099950,55,4,"D","1.25RPM","D.4"
1778350,55,4,"D","1.25RPM","D.4"
3008050,55,6,"D","1.25RPM","D.6"
3121350,55,6,"D","1.25RPM","D.6"
2972000,55,6,"D","1.25RPM","D.6"
3550700,55,8,"D","1.25RPM","D.8"
3506250,55,8,"D","1.25RPM","D.8"
3566150,55,8,"D","1.25RPM","D.8"
2591500,55,9,"D","1.25RPM","D.9"
2608900,55,9,"D","1.25RPM","D.9"
2683550,55,9,"D","1.25RPM","D.9"
2320150,55,10,"D","1.25RPM","D.10"
2421550,55,10,"D","1.25RPM","D.10"
2275050,55,10,"D","1.25RPM","D.10"
2858800,55,13,"D","1.25RPM","D.13"
3046850,55,13,"D","1.25RPM","D.13"
2830300,55,13,"D","1.25RPM","D.13"
2184250,56,4,"D","1.25RPM","D.4"
2291600,56,4,"D","1.25RPM","D.4"
2102400,56,4,"D","1.25RPM","D.4"
2733950,56,6,"D","1.25RPM","D.6"
2691400,56,6,"D","1.25RPM","D.6"
3022800,56,6,"D","1.25RPM","D.6"
3135950,56,8,"D","1.25RPM","D.8"
2873750,56,8,"D","1.25RPM","D.8"
2999800,56,8,"D","1.25RPM","D.8"
2247850,56,9,"D","1.25RPM","D.9"
2295250,56,9,"D","1.25RPM","D.9"
2305550,56,9,"D","1.25RPM","D.9"
2219500,56,10,"D","1.25RPM","D.10"
2328250,56,10,"D","1.25RPM","D.10"
2208400,56,10,"D","1.25RPM","D.10"
2739600,56,13,"D","1.25RPM","D.13"
2864600,56,13,"D","1.25RPM","D.13"
2799450,56,13,"D","1.25RPM","D.13"
2352500,57,4,"D","1.25RPM","D.4"
2413200,57,4,"D","1.25RPM","D.4"
2319150,57,4,"D","1.25RPM","D.4"
2561750,57,6,"D","1.25RPM","D.6"
2572900,57,6,"D","1.25RPM","D.6"
2583750,57,6,"D","1.25RPM","D.6"
2725100,57,8,"D","1.25RPM","D.8"
2706750,57,8,"D","1.25RPM","D.8"
2757450,57,8,"D","1.25RPM","D.8"
2122250,57,9,"D","1.25RPM","D.9"
2277250,57,9,"D","1.25RPM","D.9"
2194000,57,9,"D","1.25RPM","D.9"
1571750,57,10,"D","1.25RPM","D.10"
1598950,57,10,"D","1.25RPM","D.10"
1579800,57,10,"D","1.25RPM","D.10"
2746450,57,13,"D","1.25RPM","D.13"
2895600,57,13,"D","1.25RPM","D.13"
2865550,57,13,"D","1.25RPM","D.13"
2761750,58,4,"D","1.25RPM","D.4"
3186700,58,4,"D","1.25RPM","D.4"
2864150,58,4,"D","1.25RPM","D.4"
2780350,58,6,"D","1.25RPM","D.6"
2713750,58,6,"D","1.25RPM","D.6"
2710600,58,6,"D","1.25RPM","D.6"
2294300,58,8,"D","1.25RPM","D.8"
2300200,58,8,"D","1.25RPM","D.8"
2193000,58,8,"D","1.25RPM","D.8"
2853450,58,9,"D","1.25RPM","D.9"
2729050,58,9,"D","1.25RPM","D.9"
2768550,58,9,"D","1.25RPM","D.9"
2243600,58,10,"D","1.25RPM","D.10"
2363750,58,10,"D","1.25RPM","D.10"
2410650,58,10,"D","1.25RPM","D.10"
3545300,58,13,"D","1.25RPM","D.13"
3423850,58,13,"D","1.25RPM","D.13"
3501050,58,13,"D","1.25RPM","D.13"
2439950,59,4,"D","1.25RPM","D.4"
2262000,59,4,"D","1.25RPM","D.4"
2272600,59,4,"D","1.25RPM","D.4"
2392950,59,6,"D","1.25RPM","D.6"
2372950,59,6,"D","1.25RPM","D.6"
2416700,59,6,"D","1.25RPM","D.6"
2363800,59,8,"D","1.25RPM","D.8"
2234700,59,8,"D","1.25RPM","D.8"
2303250,59,8,"D","1.25RPM","D.8"
2094650,59,9,"D","1.25RPM","D.9"
2218900,59,9,"D","1.25RPM","D.9"
2147000,59,9,"D","1.25RPM","D.9"
1845150,59,10,"D","1.25RPM","D.10"
2079250,59,10,"D","1.25RPM","D.10"
2128700,59,10,"D","1.25RPM","D.10"
2408800,59,13,"D","1.25RPM","D.13"
2557650,59,13,"D","1.25RPM","D.13"
2507300,59,13,"D","1.25RPM","D.13"
2393800,60,4,"D","1.25RPM","D.4"
2393650,60,4,"D","1.25RPM","D.4"
2432500,60,4,"D","1.25RPM","D.4"
2198350,60,6,"D","1.25RPM","D.6"
2182550,60,6,"D","1.25RPM","D.6"
2112950,60,6,"D","1.25RPM","D.6"
1972500,60,8,"D","1.25RPM","D.8"
1877200,60,8,"D","1.25RPM","D.8"
1917450,60,8,"D","1.25RPM","D.8"
1911250,60,9,"D","1.25RPM","D.9"
1937650,60,9,"D","1.25RPM","D.9"
1867950,60,9,"D","1.25RPM","D.9"
1721400,60,10,"D","1.25RPM","D.10"
1829250,60,10,"D","1.25RPM","D.10"
1745800,60,10,"D","1.25RPM","D.10"
2296650,60,13,"D","1.25RPM","D.13"
2216150,60,13,"D","1.25RPM","D.13"
2266100,60,13,"D","1.25RPM","D.13"
2654400,61,4,"D","1.25RPM","D.4"
2502450,61,4,"D","1.25RPM","D.4"
2496950,61,4,"D","1.25RPM","D.4"
2231600,61,6,"D","1.25RPM","D.6"
2161950,61,6,"D","1.25RPM","D.6"
2213750,61,6,"D","1.25RPM","D.6"
1829650,61,8,"D","1.25RPM","D.8"
1710100,61,8,"D","1.25RPM","D.8"
1777950,61,8,"D","1.25RPM","D.8"
2249500,61,9,"D","1.25RPM","D.9"
2211300,61,9,"D","1.25RPM","D.9"
2194900,61,9,"D","1.25RPM","D.9"
1820950,61,10,"D","1.25RPM","D.10"
1732600,61,10,"D","1.25RPM","D.10"
1796150,61,10,"D","1.25RPM","D.10"
2494650,61,13,"D","1.25RPM","D.13"
2550750,61,13,"D","1.25RPM","D.13"
2614750,61,13,"D","1.25RPM","D.13"
2229350,62,4,"D","1.25RPM","D.4"
2086550,62,4,"D","1.25RPM","D.4"
2233600,62,4,"D","1.25RPM","D.4"
1700000,62,6,"D","1.25RPM","D.6"
1702950,62,6,"D","1.25RPM","D.6"
1657150,62,6,"D","1.25RPM","D.6"
1414700,62,8,"D","1.25RPM","D.8"
1495700,62,8,"D","1.25RPM","D.8"
1583950,62,8,"D","1.25RPM","D.8"
1484500,62,9,"D","1.25RPM","D.9"
1591900,62,9,"D","1.25RPM","D.9"
1581750,62,9,"D","1.25RPM","D.9"
1504650,62,10,"D","1.25RPM","D.10"
1480300,62,10,"D","1.25RPM","D.10"
1535600,62,10,"D","1.25RPM","D.10"
1902200,62,13,"D","1.25RPM","D.13"
1879100,62,13,"D","1.25RPM","D.13"
1818600,62,13,"D","1.25RPM","D.13"
1267600,63,4,"D","1.25RPM","D.4"
1280950,63,4,"D","1.25RPM","D.4"
1212000,63,4,"D","1.25RPM","D.4"
1522550,63,6,"D","1.25RPM","D.6"
1442100,63,6,"D","1.25RPM","D.6"
1515850,63,6,"D","1.25RPM","D.6"
1328350,63,8,"D","1.25RPM","D.8"
1359850,63,8,"D","1.25RPM","D.8"
1221900,63,8,"D","1.25RPM","D.8"
1612100,63,9,"D","1.25RPM","D.9"
1500100,63,9,"D","1.25RPM","D.9"
1522050,63,9,"D","1.25RPM","D.9"
1012650,63,10,"D","1.25RPM","D.10"
1162550,63,10,"D","1.25RPM","D.10"
1100650,63,10,"D","1.25RPM","D.10"
2288800,63,13,"D","1.25RPM","D.13"
2350700,63,13,"D","1.25RPM","D.13"
2226300,63,13,"D","1.25RPM","D.13"
1891000,64,4,"D","1.25RPM","D.4"
1784900,64,4,"D","1.25RPM","D.4"
1735700,64,4,"D","1.25RPM","D.4"
1332200,64,6,"D","1.25RPM","D.6"
1419100,64,6,"D","1.25RPM","D.6"
1287600,64,6,"D","1.25RPM","D.6"
1194150,64,8,"D","1.25RPM","D.8"
1174000,64,8,"D","1.25RPM","D.8"
1220350,64,8,"D","1.25RPM","D.8"
1486000,64,9,"D","1.25RPM","D.9"
1543000,64,9,"D","1.25RPM","D.9"
1492000,64,9,"D","1.25RPM","D.9"
1503100,64,10,"D","1.25RPM","D.10"
1376950,64,10,"D","1.25RPM","D.10"
1491500,64,10,"D","1.25RPM","D.10"
2663400,64,13,"D","1.25RPM","D.13"
2496800,64,13,"D","1.25RPM","D.13"
2603200,64,13,"D","1.25RPM","D.13"
2919350,65,4,"D","1.25RPM","D.4"
2984650,65,4,"D","1.25RPM","D.4"
2871550,65,4,"D","1.25RPM","D.4"
1635400,65,6,"D","1.25RPM","D.6"
1637300,65,6,"D","1.25RPM","D.6"
1569850,65,6,"D","1.25RPM","D.6"
1314550,65,8,"D","1.25RPM","D.8"
1265400,65,8,"D","1.25RPM","D.8"
1309600,65,8,"D","1.25RPM","D.8"
2344300,65,9,"D","1.25RPM","D.9"
2389700,65,9,"D","1.25RPM","D.9"
2320250,65,9,"D","1.25RPM","D.9"
1665300,65,10,"D","1.25RPM","D.10"
1813950,65,10,"D","1.25RPM","D.10"
1617200,65,10,"D","1.25RPM","D.10"
2907100,65,13,"D","1.25RPM","D.13"
3077800,65,13,"D","1.25RPM","D.13"
3122850,65,13,"D","1.25RPM","D.13"
1899400,66,4,"D","1.25RPM","D.4"
1799750,66,4,"D","1.25RPM","D.4"
1692350,66,4,"D","1.25RPM","D.4"
1499600,66,6,"D","1.25RPM","D.6"
1464100,66,6,"D","1.25RPM","D.6"
1470350,66,6,"D","1.25RPM","D.6"
1085950,66,8,"D","1.25RPM","D.8"
1176200,66,8,"D","1.25RPM","D.8"
1106900,66,8,"D","1.25RPM","D.8"
1072350,66,9,"D","1.25RPM","D.9"
1128650,66,9,"D","1.25RPM","D.9"
1141350,66,9,"D","1.25RPM","D.9"
1482500,66,10,"D","1.25RPM","D.10"
1415900,66,10,"D","1.25RPM","D.10"
1469050,66,10,"D","1.25RPM","D.10"
2638600,66,13,"D","1.25RPM","D.13"
2553350,66,13,"D","1.25RPM","D.13"
2799800,66,13,"D","1.25RPM","D.13"
1736100,67,4,"D","1.25RPM","D.4"
1848350,67,4,"D","1.25RPM","D.4"
1888200,67,4,"D","1.25RPM","D.4"
1098900,67,6,"D","1.25RPM","D.6"
989750,67,6,"D","1.25RPM","D.6"
1145350,67,6,"D","1.25RPM","D.6"
1008700,67,8,"D","1.25RPM","D.8"
1140000,67,8,"D","1.25RPM","D.8"
1062150,67,8,"D","1.25RPM","D.8"
1034100,67,9,"D","1.25RPM","D.9"
1031200,67,9,"D","1.25RPM","D.9"
1076100,67,9,"D","1.25RPM","D.9"
1627150,67,10,"D","1.25RPM","D.10"
1625900,67,10,"D","1.25RPM","D.10"
1631100,67,10,"D","1.25RPM","D.10"
2088850,67,13,"D","1.25RPM","D.13"
2211800,67,13,"D","1.25RPM","D.13"
2213300,67,13,"D","1.25RPM","D.13"
1785650,68,4,"D","1.25RPM","D.4"
2024000,68,4,"D","1.25RPM","D.4"
1911400,68,4,"D","1.25RPM","D.4"
985350,68,6,"D","1.25RPM","D.6"
1006450,68,6,"D","1.25RPM","D.6"
945450,68,6,"D","1.25RPM","D.6"
971700,68,8,"D","1.25RPM","D.8"
858300,68,8,"D","1.25RPM","D.8"
981050,68,8,"D","1.25RPM","D.8"
948950,68,9,"D","1.25RPM","D.9"
988750,68,9,"D","1.25RPM","D.9"
1031600,68,9,"D","1.25RPM","D.9"
1442800,68,10,"D","1.25RPM","D.10"
1513950,68,10,"D","1.25RPM","D.10"
1516350,68,10,"D","1.25RPM","D.10"
1001300,68,13,"D","1.25RPM","D.13"
858850,68,13,"D","1.25RPM","D.13"
766300,68,13,"D","1.25RPM","D.13"
1852000,69,4,"D","1.25RPM","D.4"
1917200,69,4,"D","1.25RPM","D.4"
2004400,69,4,"D","1.25RPM","D.4"
1116450,69,6,"D","1.25RPM","D.6"
1066150,69,6,"D","1.25RPM","D.6"
1130900,69,6,"D","1.25RPM","D.6"
924300,69,8,"D","1.25RPM","D.8"
979150,69,8,"D","1.25RPM","D.8"
943750,69,8,"D","1.25RPM","D.8"
921650,69,9,"D","1.25RPM","D.9"
1042800,69,9,"D","1.25RPM","D.9"
1034300,69,9,"D","1.25RPM","D.9"
1544750,69,10,"D","1.25RPM","D.10"
1586150,69,10,"D","1.25RPM","D.10"
1571850,69,10,"D","1.25RPM","D.10"
1971450,69,13,"D","1.25RPM","D.13"
2033850,69,13,"D","1.25RPM","D.13"
1980550,69,13,"D","1.25RPM","D.13"
1967150,70,4,"D","1.25RPM","D.4"
1980100,70,4,"D","1.25RPM","D.4"
1822450,70,4,"D","1.25RPM","D.4"
1035800,70,6,"D","1.25RPM","D.6"
1035600,70,6,"D","1.25RPM","D.6"
990300,70,6,"D","1.25RPM","D.6"
854650,70,8,"D","1.25RPM","D.8"
872450,70,8,"D","1.25RPM","D.8"
894700,70,8,"D","1.25RPM","D.8"
1016350,70,9,"D","1.25RPM","D.9"
1124200,70,9,"D","1.25RPM","D.9"
1075950,70,9,"D","1.25RPM","D.9"
1660850,70,10,"D","1.25RPM","D.10"
1660300,70,10,"D","1.25RPM","D.10"
1680250,70,10,"D","1.25RPM","D.10"
2002850,70,13,"D","1.25RPM","D.13"
2144000,70,13,"D","1.25RPM","D.13"
2022850,70,13,"D","1.25RPM","D.13"
2007950,71,4,"D","1.25RPM","D.4"
2150350,71,4,"D","1.25RPM","D.4"
2203600,71,4,"D","1.25RPM","D.4"
963700,71,6,"D","1.25RPM","D.6"
1010200,71,6,"D","1.25RPM","D.6"
955500,71,6,"D","1.25RPM","D.6"
1071500,71,8,"D","1.25RPM","D.8"
1063700,71,8,"D","1.25RPM","D.8"
1094000,71,8,"D","1.25RPM","D.8"
1119850,71,9,"D","1.25RPM","D.9"
1196550,71,9,"D","1.25RPM","D.9"
1149750,71,9,"D","1.25RPM","D.9"
1598750,71,10,"D","1.25RPM","D.10"
1706400,71,10,"D","1.25RPM","D.10"
1656350,71,10,"D","1.25RPM","D.10"
2323950,71,13,"D","1.25RPM","D.13"
2357300,71,13,"D","1.25RPM","D.13"
2370500,71,13,"D","1.25RPM","D.13"
1612900,72,4,"D","1.25RPM","D.4"
1911650,72,4,"D","1.25RPM","D.4"
1751650,72,4,"D","1.25RPM","D.4"
993350,72,6,"D","1.25RPM","D.6"
942650,72,6,"D","1.25RPM","D.6"
856200,72,6,"D","1.25RPM","D.6"
940300,72,8,"D","1.25RPM","D.8"
898400,72,8,"D","1.25RPM","D.8"
928400,72,8,"D","1.25RPM","D.8"
1145650,72,9,"D","1.25RPM","D.9"
1066250,72,9,"D","1.25RPM","D.9"
950200,72,9,"D","1.25RPM","D.9"
1497350,72,10,"D","1.25RPM","D.10"
1579450,72,10,"D","1.25RPM","D.10"
1420450,72,10,"D","1.25RPM","D.10"
2699200,72,13,"D","1.25RPM","D.13"
2746450,72,13,"D","1.25RPM","D.13"
2541250,72,13,"D","1.25RPM","D.13"
1551950,73,4,"D","1.25RPM","D.4"
1649900,73,4,"D","1.25RPM","D.4"
1599000,73,4,"D","1.25RPM","D.4"
1137200,73,6,"D","1.25RPM","D.6"
1032450,73,6,"D","1.25RPM","D.6"
1077550,73,6,"D","1.25RPM","D.6"
1009850,73,8,"D","1.25RPM","D.8"
1029750,73,8,"D","1.25RPM","D.8"
1009250,73,8,"D","1.25RPM","D.8"
1119100,73,9,"D","1.25RPM","D.9"
993350,73,9,"D","1.25RPM","D.9"
1186350,73,9,"D","1.25RPM","D.9"
1322000,73,10,"D","1.25RPM","D.10"
1365000,73,10,"D","1.25RPM","D.10"
1401900,73,10,"D","1.25RPM","D.10"
2151200,73,13,"D","1.25RPM","D.13"
2360250,73,13,"D","1.25RPM","D.13"
2304300,73,13,"D","1.25RPM","D.13"
1625550,74,4,"D","1.25RPM","D.4"
1631400,74,4,"D","1.25RPM","D.4"
1506700,74,4,"D","1.25RPM","D.4"
868200,74,6,"D","1.25RPM","D.6"
880300,74,6,"D","1.25RPM","D.6"
907100,74,6,"D","1.25RPM","D.6"
901100,74,8,"D","1.25RPM","D.8"
863850,74,8,"D","1.25RPM","D.8"
933050,74,8,"D","1.25RPM","D.8"
1108650,74,9,"D","1.25RPM","D.9"
1134850,74,9,"D","1.25RPM","D.9"
1153200,74,9,"D","1.25RPM","D.9"
1482700,74,10,"D","1.25RPM","D.10"
1472750,74,10,"D","1.25RPM","D.10"
1423500,74,10,"D","1.25RPM","D.10"
2283900,74,13,"D","1.25RPM","D.13"
2324450,74,13,"D","1.25RPM","D.13"
2517550,74,13,"D","1.25RPM","D.13"
1765250,75,4,"D","1.25RPM","D.4"
1818400,75,4,"D","1.25RPM","D.4"
1785350,75,4,"D","1.25RPM","D.4"
843600,75,6,"D","1.25RPM","D.6"
861600,75,6,"D","1.25RPM","D.6"
872150,75,6,"D","1.25RPM","D.6"
742350,75,8,"D","1.25RPM","D.8"
806550,75,8,"D","1.25RPM","D.8"
816950,75,8,"D","1.25RPM","D.8"
1086950,75,9,"D","1.25RPM","D.9"
1022750,75,9,"D","1.25RPM","D.9"
1079900,75,9,"D","1.25RPM","D.9"
1220900,75,10,"D","1.25RPM","D.10"
1253150,75,10,"D","1.25RPM","D.10"
1223350,75,10,"D","1.25RPM","D.10"
2135050,75,13,"D","1.25RPM","D.13"
2348500,75,13,"D","1.25RPM","D.13"
2270300,75,13,"D","1.25RPM","D.13"
1622650,76,4,"D","1.25RPM","D.4"
1679950,76,4,"D","1.25RPM","D.4"
1774750,76,4,"D","1.25RPM","D.4"
818650,76,6,"D","1.25RPM","D.6"
955650,76,6,"D","1.25RPM","D.6"
807850,76,6,"D","1.25RPM","D.6"
610500,76,8,"D","1.25RPM","D.8"
652900,76,8,"D","1.25RPM","D.8"
680150,76,8,"D","1.25RPM","D.8"
831450,76,9,"D","1.25RPM","D.9"
880050,76,9,"D","1.25RPM","D.9"
820850,76,9,"D","1.25RPM","D.9"
1174600,76,10,"D","1.25RPM","D.10"
1066450,76,10,"D","1.25RPM","D.10"
1167450,76,10,"D","1.25RPM","D.10"
1363350,76,13,"D","1.25RPM","D.13"
1567800,76,13,"D","1.25RPM","D.13"
1473100,76,13,"D","1.25RPM","D.13"
